Job Title,Salary Estimate,Location,Type of ownership,Industry,Sector
Data Scientist,"72,000","Albuquerque, NM",Company - Private,Aerospace & Defense,Aerospace & Defense
Healthcare Data Scientist,"88,000","Linthicum, MD",Other Organization,Health Care Services & Hospitals,Health Care
Data Scientist,"85,000","Clearwater, FL",Company - Private,Security Services,Business Services
Data Scientist,"77,000","Richland, WA",Government,Energy,"Oil, Gas, Energy & Utilities"
Data Scientist,"115,000","New York, NY",Company - Private,Advertising & Marketing,Business Services
Data Scientist,"95,000","Dallas, TX",Company - Public,Real Estate,Real Estate
Data Scientist,"74,000","Baltimore, MD",Company - Private,Banks & Credit Unions,Finance
Data Scientist,"114,000","San Jose, CA",Company - Private,Consulting,Business Services
Research Scientist,"61,000","Rochester, NY",Hospital,Health Care Services & Hospitals,Health Care
Data Scientist,"140,000","New York, NY",Company - Private,Internet,Information Technology
Data Scientist,"164,000","San Jose, CA",Company - Private,Other Retail Stores,Retail
Data Scientist,"85,000","Chantilly, VA",Company - Public,Research & Development,Business Services
Staff Data Scientist - Technology,"139,000","Plano, TX",Company - Public,"Department, Clothing, & Shoe Stores",Retail
Data Analyst,"66,000","Seattle, WA",Company - Private,Advertising & Marketing,Business Services
Data Scientist,"114,000","Cambridge, MA",Company - Public,Biotech & Pharmaceuticals,Biotech & Pharmaceuticals
Data Engineer I,"146,000","Newark, NJ",Subsidiary or Business Segment,Motion Picture Production & Distribution,Media
"Scientist I/II, Biology","102,000","Cambridge, MA",Company - Public,Biotech & Pharmaceuticals,Biotech & Pharmaceuticals
Customer Data Scientist,"154,000","Mountain View, CA",Company - Private,Enterprise Software & Network Solutions,Information Technology
Data Scientist - Health Data Analytics,"143,000","San Francisco, CA",Company - Private,Enterprise Software & Network Solutions,Information Technology
Data Scientist,"88,000","Denver, CO",Nonprofit Organization,Insurance Carriers,Insurance
Data Scientist,"106,000","Seattle, WA",Company - Private,Internet,Information Technology
Senior Data Scientist / Machine Learning,"96,000","Dallas, TX",Company - Private,Insurance Agencies & Brokerages,Insurance
Data Scientist - Quantitative,"113,000","Chicago, IL",Company - Private,Logistics & Supply Chain,Transportation & Logistics
Data Scientist,"84,000","Louisville, KY",Nonprofit Organization,Logistics & Supply Chain,Transportation & Logistics
Data Scientist,"143,000","Herndon, VA",Company - Private,Enterprise Software & Network Solutions,Information Technology
Digital Health Data Scientist,"87,000","Cambridge, MA",Company - Public,Biotech & Pharmaceuticals,Biotech & Pharmaceuticals
Data Scientist,"100,000","Hillsboro, OR",Company - Private,Banks & Credit Unions,Finance
Associate Data Analyst,"48,000","Worcester, MA",Company - Public,Insurance Carriers,Insurance
Clinical Data Scientist,"84,000","Groton, CT",Company - Public,Biotech & Pharmaceuticals,Biotech & Pharmaceuticals
Data Scientist,"85,000","Clearwater, FL",Company - Private,Security Services,Business Services
Data Scientist,"77,000","Richland, WA",Government,Energy,"Oil, Gas, Energy & Utilities"
Data Scientist,"96,000","Detroit, MI",Company - Private,Real Estate,Real Estate
Data Scientist / Machine Learning Expert,"115,000","Cambridge, MA",Company - Public,Biotech & Pharmaceuticals,Biotech & Pharmaceuticals
Data Scientist,"121,000","Sunnyvale, CA",Company - Public,Telecommunications Services,Telecommunications
Data Scientist,"113,000","Ipswich, MA",Company - Private,Biotech & Pharmaceuticals,Biotech & Pharmaceuticals
Web Data Analyst,"106,000","San Jose, CA",Company - Private,IT Services,Information Technology
Data Scientist,"107,000","Redlands, CA",Company - Private,Computer Hardware & Software,Information Technology
Data Scientist,"110,000","Woburn, MA",Company - Private,Aerospace & Defense,Aerospace & Defense
Senior Data Scientist,"148,000","Fremont, CA",Company - Public,Biotech & Pharmaceuticals,Biotech & Pharmaceuticals
Data Engineer,"106,000","Long Beach, NY",Company - Private,Insurance Carriers,Insurance
Data Analyst,"88,000","San Francisco, CA",Company - Private,IT Services,Information Technology
Data Engineer,"99,000","Marlborough, MA",Company - Private,Health Care Services & Hospitals,Health Care
Data Scientist - Algorithms & Inference,"143,000","San Francisco, CA",Company - Private,Enterprise Software & Network Solutions,Information Technology
Scientist,"83,000","Allendale, NJ",Company - Public,Consumer Products Manufacturing,Manufacturing
Senior Data Scientist,"130,000","Chicago, IL",Company - Public,Real Estate,Real Estate
Data Scientist,"155,000","Washington, DC",Company - Private,Enterprise Software & Network Solutions,Information Technology
Lead Data Scientist,"185,000","Bellevue, WA",Company - Public,IT Services,Information Technology
Associate Data Analyst,"30,000","Longmont, CO",Company - Private,Enterprise Software & Network Solutions,Information Technology
Spectral Scientist/Engineer,"87,000","Beavercreek, OH",Company - Private,Aerospace & Defense,Aerospace & Defense
College Hire - Data Scientist - Open to December 2019 Graduates,"81,000","Peoria, IL",Company - Public,Industrial Manufacturing,Manufacturing
Data Scientist,"91,000","Fort Lauderdale, FL",Subsidiary or Business Segment,Advertising & Marketing,Business Services
"Data Scientist, Office of Data Science","115,000","Boston, MA",Company - Private,Insurance Carriers,Insurance
Data Science Analyst,"68,000","Huntsville, AL",Company - Private,Aerospace & Defense,Aerospace & Defense
Data Scientist,"115,000","Armonk, NY",Company - Public,Insurance Agencies & Brokerages,Insurance
Data Scientist,"110,000","San Diego, CA",Company - Public,Aerospace & Defense,Aerospace & Defense
Data Scientist,"76,000","Albuquerque, NM",Company - Public,Biotech & Pharmaceuticals,Biotech & Pharmaceuticals
Data Scientist,"155,000","San Francisco, CA",Company - Private,Enterprise Software & Network Solutions,Information Technology
Data Scientist,"144,000","Saint Louis, MO",Company - Private,IT Services,Information Technology
Data Scientist,"74,000","Baltimore, MD",Company - Private,Banks & Credit Unions,Finance
Data Scientist,"95,000","Dallas, TX",Company - Public,Real Estate,Real Estate
Senior Data Scientist,"107,000","Cincinnati, OH",Subsidiary or Business Segment,Metals Brokers,Mining & Metals
Data Scientist,"115,000","New York, NY",Company - Private,Consulting,Business Services
Senior Risk Data Scientist,"140,000","Palo Alto, CA",Company - Public,Financial Transaction Processing,Finance
Data Scientist in Artificial Intelligence Early Career,"67,000","Richland, WA",Government,Energy,"Oil, Gas, Energy & Utilities"
Data Scientist,"85,000","Coraopolis, PA",Company - Public,Sporting Goods Stores,Retail
Data Scientist,"118,000","Framingham, MA",Company - Private,Biotech & Pharmaceuticals,Biotech & Pharmaceuticals
Data Scientist,"80,000","Atlanta, GA",Company - Private,Computer Hardware & Software,Information Technology
Data Scientist - Research,"57,000","Boston, MA",Company - Public,Advertising & Marketing,Business Services
Data Scientist,"129,000","Philadelphia, PA",Company - Private,Staffing & Outsourcing,Business Services
R&D Data Analysis Scientist,"98,000","Vancouver, WA",Company - Public,Computer Hardware & Software,Information Technology
Analytics Consultant,"67,000","Indianapolis, IN",Company - Private,Enterprise Software & Network Solutions,Information Technology
"Director, Data Science","180,000","Lake Forest, IL",Company - Public,Wholesale,Business Services
Scientist,"76,000","Maryland Heights, MO",Subsidiary or Business Segment,Research & Development,Business Services
Data Scientist SR,"112,000","Charlottesville, VA",Company - Private,IT Services,Information Technology
Data Scientist,"98,000","Pittsburgh, PA",Company - Private,Mining,Mining & Metals
R&D Sr Data Scientist,"128,000","Vancouver, WA",Company - Public,Computer Hardware & Software,Information Technology
Customer Data Scientist/Sales Engineer (Bay,"151,000","Mountain View, CA",Company - Private,Enterprise Software & Network Solutions,Information Technology
Research Scientist,"88,000","Cambridge, MA",Company - Private,Biotech & Pharmaceuticals,Biotech & Pharmaceuticals
Data Scientist,"110,000","Chantilly, VA",Company - Private,Aerospace & Defense,Aerospace & Defense
Data Scientist,"114,000","San Jose, CA",Company - Private,IT Services,Information Technology
Data Scientist,"124,000","San Francisco, CA",Company - Private,Health Care Services & Hospitals,Health Care
Jr. Business Data Analyst,"57,000","Harrisburg, PA",Company - Private,Advertising & Marketing,Business Services
Data Scientist,"130,000","Laurel, MD",Nonprofit Organization,Aerospace & Defense,Aerospace & Defense
Data Analyst,"78,000","Chicago, IL",Company - Private,Computer Hardware & Software,Information Technology
Data Engineer,"87,000","Arlington, VA",Company - Private,Consulting,Business Services
Data Analyst,"54,000","Tacoma, WA",Company - Private,Wholesale,Business Services
Staff Data Scientist - Technology,"139,000","Plano, TX",Company - Public,"Department, Clothing, & Shoe Stores",Retail
Data Scientist,"114,000","San Jose, CA",Company - Private,Consulting,Business Services
Data Scientist,"86,000","Miami, FL",Company - Private,Enterprise Software & Network Solutions,Information Technology
Data Management Specialist,"48,000","Huntsville, AL",Company - Private,IT Services,Information Technology
E-Commerce Data Analyst,"48,000","New Orleans, LA",Company - Private,Enterprise Software & Network Solutions,Information Technology
Sr. Scientist II,"174,000","San Francisco, CA",Company - Public,Biotech & Pharmaceuticals,Biotech & Pharmaceuticals
Insurance Data Scientist,"85,000","Atlanta, GA",Company - Public,Financial Analytics & Research,Finance
Data Modeler,"107,000","Landover, MD",Company - Private,IT Services,Information Technology
Data Analyst / Scientist,"73,000","Patuxent River, MD",Company - Private,IT Services,Information Technology
Scientist,"86,000","Suitland, MD",Subsidiary or Business Segment,IT Services,Information Technology
Data Scientist,"98,000","McLean, VA",Nonprofit Organization,Federal Agencies,Government
Data Scientist,"99,000","Fort Belvoir, VA",Company - Private,IT Services,Information Technology
Data Analyst,"57,000","Milwaukee, WI",Company - Private,Insurance Carriers,Insurance
Lead Data Scientist,"133,000","Silver Spring, MD",Company - Private,IT Services,Information Technology
Data Scientist,"121,000","New York, NY",Company - Private,Research & Development,Business Services
Data Scientist,"86,000","Syracuse, NY",Company - Private,Security Services,Business Services
"Data Scientist, Rice University","88,000","Houston, TX",Subsidiary or Business Segment,Education Training Services,Education
Senior Data Scientist,"238,000","Washington, DC",Company - Private,Consulting,Business Services
Data Engineer,"96,000","Charlotte, NC",Company - Private,IT Services,Information Technology
Senior Data Scientist,"105,000","Southfield, MI",Company - Public,Transportation Equipment Manufacturing,Manufacturing
Financial Data Analyst,"57,000","Matawan, NJ",Company - Private,Computer Hardware & Software,Information Technology
Senior Data Analyst,"55,000","Phoenix, AZ",Company - Private,Enterprise Software & Network Solutions,Information Technology
Research Scientist,"62,000","Omaha, NE",Hospital,Health Care Services & Hospitals,Health Care
Data Scientist,"157,000","San Francisco, CA",Company - Private,Computer Hardware & Software,Information Technology
Data Engineer,"78,000","Lyndhurst, NJ",Company - Private,Internet,Information Technology
Data Scientist,"114,000","Cambridge, MA",Company - Public,Biotech & Pharmaceuticals,Biotech & Pharmaceuticals
Data Scientist,"140,000","New York, NY",Company - Private,Internet,Information Technology
Data Scientist,"133,000","San Francisco, CA",Company - Private,Enterprise Software & Network Solutions,Information Technology
Data Engineer,"108,000","San Francisco, CA",Company - Public,Computer Hardware & Software,Information Technology
Ag Data Scientist,"81,000","Atlanta, IN",Company - Private,Farm Support Services,Agriculture & Forestry
Data Scientist,"108,000","Rockville, MD",Company - Private,Health Care Services & Hospitals,Health Care
Data Engineer,"95,000","Minneapolis, MN",Company - Private,Consulting,Business Services
Data Scientist II,"120,000","Los Angeles, CA",Nonprofit Organization,Health Care Services & Hospitals,Health Care
Senior Data Engineer,"134,000","Charlotte, NC",Company - Private,Advertising & Marketing,Business Services
Data Scientist,"101,000","Cambridge, MA",Company - Private,Enterprise Software & Network Solutions,Information Technology
Data Scientist,"108,000","Cincinnati, OH",Company - Public,TV Broadcast & Cable Networks,Media
Data Engineer,"122,000","Washington, DC",Company - Private,Internet,Information Technology
Data Engineer,"93,000","Chicago, IL",Company - Public,Real Estate,Real Estate
Data Analyst,"62,000","Baltimore, MD",Company - Private,Research & Development,Business Services
Project Scientist,"40,000","Alabaster, AL",Unknown,Architectural & Engineering Services,Business Services
Data Scientist,"108,000","Santa Fe Springs, Los Angeles, CA",Company - Private,Industrial Manufacturing,Manufacturing
Data Analytics Manager,"41,000","Kansas City, MO",Company - Private,Staffing & Outsourcing,Business Services
Senior Machine Learning (ML) Engineer / Data Scientist - Cyber Security Analytics,"90,000","Ashburn, VA",Company - Public,IT Services,Information Technology
Data Scientist,"81,000","Chicago, IL",Company - Private,Consulting,Business Services
Senior Data Scientist,"147,000","Herndon, VA",Company - Private,Enterprise Software & Network Solutions,Information Technology
Data Scientist,"85,000","Fort Worth, TX",Company - Private,Brokerage Services,Finance
Associate Scientist,"82,000","Valencia, CA",Company - Private,Consumer Products Manufacturing,Manufacturing
"Scientist 2, QC Viral Vector","168,000","Novato, CA",Company - Public,Biotech & Pharmaceuticals,Biotech & Pharmaceuticals
Machine Learning Engineer,"101,000","Aurora, CO",Company - Private,Aerospace & Defense,Aerospace & Defense
Data Scientist/ML Engineer,"97,000","New York, NY",Company - Private,Consulting,Business Services
Data Scientist,"85,000","Chantilly, VA",Company - Public,Research & Development,Business Services
Customer Data Scientist,"154,000","Mountain View, CA",Company - Private,Enterprise Software & Network Solutions,Information Technology
Data Engineer,"133,000","Tampa, FL",Company - Private,IT Services,Information Technology
Data Engineer,"100,000","Chicago, IL",Company - Private,Computer Hardware & Software,Information Technology
Sr. Data Scientist,"105,000","Denver, CO",Company - Private,Travel Agencies,Travel & Tourism
Data Engineer 4 - Contract,"87,000","Riverton, UT",Nonprofit Organization,Religious Organizations,Non-Profit
Data Analyst - Asset Management,"104,000","San Francisco, CA",Company - Private,Real Estate,Real Estate
Senior Research Scientist - Embedded System Development for DevOps,"124,000","Pittsburgh, PA",College / University,Colleges & Universities,Education
Data Scientist - Bioinformatics,"67,000","Richland, WA",Government,Energy,"Oil, Gas, Energy & Utilities"
Data Engineer,"87,000","Washington, DC",Company - Private,IT Services,Information Technology
Customer Data Scientist/Sales Engineer,"138,000","Chicago, IL",Company - Private,Enterprise Software & Network Solutions,Information Technology
Lead Data Scientist,"100,000","Cincinnati, OH",Company - Private,Advertising & Marketing,Business Services
MongoDB Data Engineer II,"107,000","Chattanooga, TN",Nonprofit Organization,Insurance Carriers,Insurance
Senior Data Scientist Statistics,"99,000","Richland, WA",Government,Energy,"Oil, Gas, Energy & Utilities"
Senior Data Analyst,"61,000","Clearwater, FL",Company - Private,Security Services,Business Services
Senior Spark Engineer (Data Science),"107,000","Indianapolis, IN",Company - Private,Consulting,Business Services
Data Engineer,"85,000","Cambridge, MA",Company - Private,Internet,Information Technology
BI & Platform Analytics Manager,"110,000","Ewing, NJ",Company - Public,Consumer Products Manufacturing,Manufacturing
Lead Data Scientist,"164,000","Boston, MA",Company - Private,Insurance Carriers,Insurance
"Sr. Data Scientist - Analytics, Personalized Healthcare (PHC)","169,000","South San Francisco, CA",Subsidiary or Business Segment,Biotech & Pharmaceuticals,Biotech & Pharmaceuticals
Senior Data Scientist,"142,000","Cupertino, CA",Company - Public,Telecommunications Services,Telecommunications
Pricipal Scientist Molecular and cellular biologist,"77,000","Boston, MA",Company - Public,Biotech & Pharmaceuticals,Biotech & Pharmaceuticals
"Data Scientist (Actuary, FSA or ASA)","107,000","Frederick, MD",Company - Private,Insurance Carriers,Insurance
Staff Data Scientist,"172,000","San Jose, CA",Company - Public,Computer Hardware & Software,Information Technology
Senior Data Scientist / Machine Learning,"96,000","Dallas, TX",Company - Private,Insurance Agencies & Brokerages,Insurance
Data Scientist - Health Data Analytics,"143,000","San Francisco, CA",Company - Private,Enterprise Software & Network Solutions,Information Technology
Data Engineer 5 - Contract (Remote),"107,000","Riverton, UT",Nonprofit Organization,Religious Organizations,Non-Profit
Senior Scientist - Neuroscience,"145,000","Marlborough, MA",Company - Private,Biotech & Pharmaceuticals,Biotech & Pharmaceuticals
Senior Data Analyst,"62,000","Herndon, VA",Nonprofit Organization,Colleges & Universities,Education
Medical Lab Scientist,"21,000","West Reading, PA",Nonprofit Organization,Health Care Services & Hospitals,Health Care
"Risk and Analytics IT, Data Scientist","120,000","Madison, WI",Government,Investment Banking & Asset Management,Finance
"Scientist, Analytical Development","62,000","Cambridge, MA",Company - Public,Biotech & Pharmaceuticals,Biotech & Pharmaceuticals
Senior Data Scientist,"151,000","San Francisco, CA",Company - Public,Computer Hardware & Software,Information Technology
Analytics Manager,"88,000","Dearborn, MI",Company - Private,Advertising & Marketing,Business Services
Data Engineer,"72,000","Winter Park, FL",Company - Public,Advertising & Marketing,Business Services
Digital Marketing & ECommerce Data Analyst,"52,000","San Rafael, CA",Subsidiary or Business Segment,"Department, Clothing, & Shoe Stores",Retail
Sr. Scientist - Digital & Image Analysis/Computational Pathology,"152,000","San Diego, CA",Company - Public,Biotech & Pharmaceuticals,Biotech & Pharmaceuticals
Senior Data Analyst,"78,000","Hamilton, NJ",Company - Private,IT Services,Information Technology
Principal Scientist - Immunologist,"140,000","Boston, MA",Company - Public,Biotech & Pharmaceuticals,Biotech & Pharmaceuticals
Senior Data Scientist,"99,000","Woodbridge, NJ",Company - Private,Insurance Carriers,Insurance
Principal Data Scientist with over 10 years experience,"225,000","San Francisco, CA",Company - Private,IT Services,Information Technology
MED TECH/LAB SCIENTIST - LABORATORY,"28,000","Lewes, DE",Nonprofit Organization,Health Care Services & Hospitals,Health Care
"Sr. Scientist, Quantitative Translational Sciences","162,000","Boston, MA",Company - Public,Biotech & Pharmaceuticals,Biotech & Pharmaceuticals
Sr. Data Scientist II,"147,000","New York, NY",Company - Public,Insurance Carriers,Insurance
Excel / VBA / SQL Data Analyst,"61,000","Springfield, MO",Company - Private,Energy,"Oil, Gas, Energy & Utilities"
Machine Learning Research Scientist,"120,000","Pittsburgh, PA",College / University,Colleges & Universities,Education
"VP, Data Science","125,000","Phoenix, AZ",Company - Public,Lending,Finance
Senior Data Scientist,"148,000","Burbank, CA",Company - Private,Financial Analytics & Research,Finance
Radar Data Analyst,"59,000","Huntsville, AL",Company - Private,Aerospace & Defense,Aerospace & Defense
PL Actuarial-Lead Data Scientist,"147,000","Worcester, MA",Company - Public,Insurance Carriers,Insurance
PV Scientist,"92,000","Newton, MA",Company - Public,Biotech & Pharmaceuticals,Biotech & Pharmaceuticals
Senior Data & Machine Learning Scientist,"133,000","Chicago, IL",Company - Private,Biotech & Pharmaceuticals,Biotech & Pharmaceuticals
Principal Data Scientist (Computational Chemistry),"141,000","Salt Lake City, UT",Company - Private,Biotech & Pharmaceuticals,Biotech & Pharmaceuticals
Data Engineer,"71,000","Lafayette, LA",Company - Private,Computer Hardware & Software,Information Technology
"Principal Scientist, Chemistry & Immunology","85,000","Rochester, NY",Hospital,Health Care Services & Hospitals,Health Care
Software Engineer - Data Visualization,"94,000","Annapolis Junction, MD",Company - Private,Computer Hardware & Software,Information Technology
"Scientist/Senior Scientist, Autoimmune","135,000","Cambridge, MA",Company - Public,Biotech & Pharmaceuticals,Biotech & Pharmaceuticals
Staff Machine Learning Engineer,"181,000","San Francisco, CA",Company - Private,Internet,Information Technology
"Principal Scientist, Hematology","85,000","Rochester, NY",Hospital,Health Care Services & Hospitals,Health Care
Lead Data Engineer,"205,000","Mountain View, CA",Company - Private,Internet,Information Technology
Marketing Data Analyst,"49,000","Highland, CA",Company - Private,Gambling,"Arts, Entertainment & Recreation"
Medical Laboratory Scientist,"22,000","Burleson, TX",Hospital,Health Care Services & Hospitals,Health Care
R&D Specialist/ Food Scientist,"53,000","Hoopeston, IL",Company - Private,Food & Beverage Manufacturing,Manufacturing
Senior Research Scientist-Machine Learning,"124,000","Pittsburgh, PA",College / University,Colleges & Universities,Education
Analytics Manager - Data Mart,"64,000","Scotts Valley, CA",Nonprofit Organization,Health Care Services & Hospitals,Health Care
Sr. Data Engineer - Contract-to-Hire (Java),"98,000","Knoxville, TN",Company - Private,Gas Stations,Retail
MED TECH/LAB SCIENTIST- SOUTH COASTAL LAB,"28,000","Millville, DE",Nonprofit Organization,Health Care Services & Hospitals,Health Care
Food Scientist - Developer,"54,000","Milwaukee, WI",Company - Private,Food & Beverage Manufacturing,Manufacturing
Staff Scientist-Downstream Process Development,"81,000","Rockville, MD",Company - Private,Biotech & Pharmaceuticals,Biotech & Pharmaceuticals
Sr. Data Engineer,"108,000","Chicago, IL",Company - Public,Transportation Management,Transportation & Logistics
Data Scientist - Quantitative,"113,000","Chicago, IL",Company - Private,Logistics & Supply Chain,Transportation & Logistics
Data Scientist,"89,000","Herndon, VA",Company - Public,Aerospace & Defense,Aerospace & Defense
Senior Research Statistician- Data Scientist,"101,000","Sheboygan, WI",Company - Private,Insurance Carriers,Insurance
"Business Data Analyst, SQL","65,000","New York, NY",Company - Private,Travel Agencies,Travel & Tourism
Medical Technologist / Clinical Laboratory Scientist,"20,000","New Orleans, LA",Government,Federal Agencies,Government
Data Scientist,"73,000","Dallas, TX",Subsidiary or Business Segment,Consulting,Business Services
Senior Data Analyst,"61,000","Clearwater, FL",Company - Private,Security Services,Business Services
BI & Platform Analytics Manager,"110,000","Ewing, NJ",Company - Public,Consumer Products Manufacturing,Manufacturing
Data Engineer,"85,000","Cambridge, MA",Company - Private,Internet,Information Technology
Data Scientist,"88,000","Chicago, IL",Company - Private,Advertising & Marketing,Business Services
Data Analyst,"93,000","San Mateo, CA",Company - Public,Video Games,Media
Associate Data Scientist/Computer Scientist,"82,000","McLean, VA",Nonprofit Organization,Federal Agencies,Government
Business Intelligence Analyst / Developer,"79,000","Dayton, OH",Company - Private,Trucking,Transportation & Logistics
Lead Data Scientist,"164,000","Boston, MA",Company - Private,Insurance Carriers,Insurance
"Sr. Data Scientist - Analytics, Personalized Healthcare (PHC)","169,000","South San Francisco, CA",Subsidiary or Business Segment,Biotech & Pharmaceuticals,Biotech & Pharmaceuticals
Senior Data Scientist,"142,000","Cupertino, CA",Company - Public,Telecommunications Services,Telecommunications
Data Analyst,"48,000","Parlier, CA",Nonprofit Organization,Social Assistance,Non-Profit
Pricipal Scientist Molecular and cellular biologist,"77,000","Boston, MA",Company - Public,Biotech & Pharmaceuticals,Biotech & Pharmaceuticals
Data Analyst,"69,000","San Francisco, CA",Company - Private,Enterprise Software & Network Solutions,Information Technology
Data Analyst,"49,000","Meridian, ID",Company - Private,Computer Hardware & Software,Information Technology
Staff Data Scientist,"172,000","San Jose, CA",Company - Public,Computer Hardware & Software,Information Technology
"Data Scientist (Actuary, FSA or ASA)","107,000","Frederick, MD",Company - Private,Insurance Carriers,Insurance
System and Data Analyst,"59,000","Cherry Hill, NJ",Company - Private,Enterprise Software & Network Solutions,Information Technology
Data Scientist,"89,000","Indianapolis, IN",Company - Private,IT Services,Information Technology
Data Engineer 5 - Contract (Remote),"107,000","Riverton, UT",Nonprofit Organization,Religious Organizations,Non-Profit
Digital Health Data Scientist,"87,000","Cambridge, MA",Company - Public,Biotech & Pharmaceuticals,Biotech & Pharmaceuticals
Data Scientist,"84,000","Louisville, KY",Nonprofit Organization,Logistics & Supply Chain,Transportation & Logistics
Data & Analytics Consultant (NYC),"115,000","New York, NY",Company - Private,Consulting,Business Services
Senior Scientist - Neuroscience,"145,000","Marlborough, MA",Company - Private,Biotech & Pharmaceuticals,Biotech & Pharmaceuticals
Data Engineer,"88,000","Nashville, TN",Company - Public,Internet,Information Technology
Big Data Engineer - Chicago - Future Opportunity,"100,000","Chicago, IL",Company - Private,Internet,Information Technology
Senior Data Analyst,"62,000","Herndon, VA",Nonprofit Organization,Colleges & Universities,Education
Data Scientist,"97,000","Portland, OR",Company - Public,Advertising & Marketing,Business Services
Survey Data Analyst,"76,000","Minneapolis, MN",Company - Private,Consulting,Business Services
Data Scientist,"16,000","Port Washington, NY",Company - Private,Research & Development,Business Services
Data Scientist,"84,000","Austin, TX",Company - Private,Advertising & Marketing,Business Services
"Risk and Analytics IT, Data Scientist","120,000","Madison, WI",Government,Investment Banking & Asset Management,Finance
Data Scientist,"163,000","South San Francisco, CA",Subsidiary or Business Segment,Biotech & Pharmaceuticals,Biotech & Pharmaceuticals
Lead Health Data Analyst - Front End,"100,000","Providence, RI",Nonprofit Organization,Insurance Carriers,Insurance
Research Scientist,"53,000","Omaha, NE",Nonprofit Organization,Social Assistance,Non-Profit
Medical Lab Scientist,"21,000","West Reading, PA",Nonprofit Organization,Health Care Services & Hospitals,Health Care
Junior Data Analyst,"50,000","Washington, DC",Nonprofit Organization,Health Care Services & Hospitals,Health Care
SQL Data Engineer,"93,000","Austin, TX",Company - Private,Consulting,Business Services
Data Scientist,"95,000","Cincinnati, OH",Company - Private,Insurance Agencies & Brokerages,Insurance
Senior Data Scientist,"151,000","San Francisco, CA",Company - Public,Computer Hardware & Software,Information Technology
Data Scientist,"102,000","Raleigh, NC",Company - Public,Insurance Carriers,Insurance
"Scientist, Analytical Development","62,000","Cambridge, MA",Company - Public,Biotech & Pharmaceuticals,Biotech & Pharmaceuticals
Analytics Manager,"88,000","Dearborn, MI",Company - Private,Advertising & Marketing,Business Services
Clinical Data Scientist,"84,000","Groton, CT",Company - Public,Biotech & Pharmaceuticals,Biotech & Pharmaceuticals
Data Scientist,"143,000","Herndon, VA",Company - Private,Enterprise Software & Network Solutions,Information Technology
"Sr. Data Scientist, Cyber-Security LT Contract","155,000","Phila, PA",Company - Private,Staffing & Outsourcing,Business Services
Data Engineer,"72,000","Winter Park, FL",Company - Public,Advertising & Marketing,Business Services
Data Scientist,"108,000","Oakland, CA",Company - Private,Insurance Carriers,Insurance
Sr. Scientist - Digital & Image Analysis/Computational Pathology,"152,000","San Diego, CA",Company - Public,Biotech & Pharmaceuticals,Biotech & Pharmaceuticals
Digital Marketing & ECommerce Data Analyst,"52,000","San Rafael, CA",Subsidiary or Business Segment,"Department, Clothing, & Shoe Stores",Retail
Principal Scientist - Immunologist,"140,000","Boston, MA",Company - Public,Biotech & Pharmaceuticals,Biotech & Pharmaceuticals
Senior Data Analyst,"78,000","Hamilton, NJ",Company - Private,IT Services,Information Technology
Insurance Financial Data Analyst,"64,000","Boise, ID",Company - Private,Investment Banking & Asset Management,Finance
Data Scientist,"109,000","San Francisco, CA",Company - Private,IT Services,Information Technology
Data Scientist,"96,000","Oak Ridge, TN",Company - Public,Aerospace & Defense,Aerospace & Defense
Principal Data Scientist with over 10 years experience,"225,000","San Francisco, CA",Company - Private,IT Services,Information Technology
Data Engineer,"101,000","Agoura Hills, CA",Company - Public,Lending,Finance
Senior Data Scientist,"99,000","Woodbridge, NJ",Company - Private,Insurance Carriers,Insurance
Data Engineer I - Azure,"78,000","Pella, IA",Company - Private,Industrial Manufacturing,Manufacturing
"Sr. Scientist, Quantitative Translational Sciences","162,000","Boston, MA",Company - Public,Biotech & Pharmaceuticals,Biotech & Pharmaceuticals
MED TECH/LAB SCIENTIST - LABORATORY,"28,000","Lewes, DE",Nonprofit Organization,Health Care Services & Hospitals,Health Care
Sr. Data Scientist II,"147,000","New York, NY",Company - Public,Insurance Carriers,Insurance
Data Scientist,"90,000","San Ramon, CA",Company - Public,IT Services,Information Technology
Information Security Data Analyst,"58,000","Red Bank, NJ",Company - Public,Banks & Credit Unions,Finance
Excel / VBA / SQL Data Analyst,"61,000","Springfield, MO",Company - Private,Energy,"Oil, Gas, Energy & Utilities"
Machine Learning Research Scientist,"120,000","Pittsburgh, PA",College / University,Colleges & Universities,Education
Data Scientist,"128,000","New York, NY",Company - Public,Auctions & Galleries,Retail
Data Scientist,"100,000","Hillsboro, OR",Company - Private,Banks & Credit Unions,Finance
Data Scientist,"96,000","Detroit, MI",Company - Private,Real Estate,Real Estate
Data Scientist,"101,000","Washington, DC",Company - Public,Biotech & Pharmaceuticals,Biotech & Pharmaceuticals
Senior Data Scientist,"148,000","Burbank, CA",Company - Private,Financial Analytics & Research,Finance
"Data Scientist, Senior","142,000","Fort Belvoir, VA",Company - Private,Enterprise Software & Network Solutions,Information Technology
Senior Data Scientist,"169,000","Palo Alto, CA",Company - Private,K-12 Education,Education
"VP, Data Science","125,000","Phoenix, AZ",Company - Public,Lending,Finance
Radar Data Analyst,"59,000","Huntsville, AL",Company - Private,Aerospace & Defense,Aerospace & Defense
CONSULTANT– DATA ANALYTICS GROUP,"53,000","San Diego, CA",Company - Private,Consulting,Business Services
Data Engineer,"76,000","Houston, TX",Company - Private,IT Services,Information Technology
Senior Data Scientist,"139,000","Armonk, NY",Company - Public,Insurance Agencies & Brokerages,Insurance
"Data Engineer, Data Engineering and Artifical Intelligence","103,000","Cambridge, MA",Company - Public,Biotech & Pharmaceuticals,Biotech & Pharmaceuticals
Staff Scientist,"61,000","Columbia, SC",Company - Private,Architectural & Engineering Services,Business Services
PL Actuarial-Lead Data Scientist,"147,000","Worcester, MA",Company - Public,Insurance Carriers,Insurance
"Associate Scientist/Scientist, Process Analytical Technology - Small Molecule Analytical Chemistry","125,000","South San Francisco, CA",Subsidiary or Business Segment,Biotech & Pharmaceuticals,Biotech & Pharmaceuticals
Sr. Data Analyst,"81,000","Springfield, MA",Company - Private,Insurance Carriers,Insurance
Senior Data & Machine Learning Scientist,"133,000","Chicago, IL",Company - Private,Biotech & Pharmaceuticals,Biotech & Pharmaceuticals
Program/Data Analyst,"77,000","Washington, DC",Subsidiary or Business Segment,IT Services,Information Technology
Data Engineer,"92,000","Herndon, VA",Company - Public,Research & Development,Business Services
Senior Data Scientist: Causal & Predictive analytics AI Innovation Lab,"121,000","Cambridge, MA",Company - Public,Biotech & Pharmaceuticals,Biotech & Pharmaceuticals
"Principal Data Engineer, Data Platform & Insights","163,000","San Francisco, CA",Company - Public,Computer Hardware & Software,Information Technology
RESEARCH SCIENTIST - BIOLOGICAL SAFETY,"60,000","San Antonio, TX",Nonprofit Organization,Research & Development,Business Services
Data Operations Lead,"88,000","San Francisco, CA",Nonprofit Organization,Health Care Services & Hospitals,Health Care
Big Data Engineer,"91,000","Indianapolis, IN",Company - Private,Enterprise Software & Network Solutions,Information Technology
Data Scientist / Machine Learning Expert,"115,000","Cambridge, MA",Company - Public,Biotech & Pharmaceuticals,Biotech & Pharmaceuticals
Data Scientist,"121,000","Sunnyvale, CA",Company - Public,Telecommunications Services,Telecommunications
Senior Data Scientist,"110,000","Dallas, TX",Subsidiary or Business Segment,Advertising & Marketing,Business Services
PV Scientist,"92,000","Newton, MA",Company - Public,Biotech & Pharmaceuticals,Biotech & Pharmaceuticals
Clinical Data Analyst,"71,000","Portsmouth, VA",Company - Public,Research & Development,Business Services
Data Engineer,"71,000","Lafayette, LA",Company - Private,Computer Hardware & Software,Information Technology
Computational Chemist/Data Scientist,"77,000","Richland, WA",Government,Energy,"Oil, Gas, Energy & Utilities"
Data Engineer,"92,000","Springfield, MA",Company - Private,Insurance Carriers,Insurance
Principal Data Scientist (Computational Chemistry),"141,000","Salt Lake City, UT",Company - Private,Biotech & Pharmaceuticals,Biotech & Pharmaceuticals
Product Engineer – Data Science,"82,000","Arlington, VA",Company - Private,Computer Hardware & Software,Information Technology
"Principal Scientist, Chemistry & Immunology","85,000","Rochester, NY",Hospital,Health Care Services & Hospitals,Health Care
"Scientist/Senior Scientist, Autoimmune","135,000","Cambridge, MA",Company - Public,Biotech & Pharmaceuticals,Biotech & Pharmaceuticals
Data Scientist,"165,000","San Francisco, CA",Company - Private,Advertising & Marketing,Business Services
Market Data Analyst,"44,000","West Palm Beach, FL",Company - Public,Telecommunications Manufacturing,Telecommunications
Software Engineer - Data Visualization,"94,000","Annapolis Junction, MD",Company - Private,Computer Hardware & Software,Information Technology
Data Engineer,"109,000","Herndon, VA",Company - Private,Enterprise Software & Network Solutions,Information Technology
Staff Data Engineer,"150,000","Austin, TX",Company - Private,Computer Hardware & Software,Information Technology
Associate Data Engineer,"66,000","Washington, DC",Company - Private,Research & Development,Business Services
Senior Data Scientist,"125,000","Charlotte, NC",Company - Public,Insurance Carriers,Insurance
Staff BI and Data Engineer,"114,000","San Jose, CA",Company - Private,Advertising & Marketing,Business Services
Marketing Data Analyst,"49,000","Exton, PA",Nonprofit Organization,Banks & Credit Unions,Finance
"Principal Scientist, Hematology","85,000","Rochester, NY",Hospital,Health Care Services & Hospitals,Health Care
Data Analyst,"71,000","Alexandria, VA",Company - Private,IT Services,Information Technology
"Director - Data, Privacy and AI Governance","101,000","Boston, MA",Company - Private,Insurance Carriers,Insurance
Data Scientist,"107,000","Redlands, CA",Company - Private,Computer Hardware & Software,Information Technology
Data Scientist,"113,000","Ipswich, MA",Company - Private,Biotech & Pharmaceuticals,Biotech & Pharmaceuticals
Staff Machine Learning Engineer,"181,000","San Francisco, CA",Company - Private,Internet,Information Technology
Information Security Data Analyst,"61,000","Chicago, IL",Company - Public,Computer Hardware & Software,Information Technology
Lead Data Engineer,"205,000","Mountain View, CA",Company - Private,Internet,Information Technology
Scientist Manufacturing - Kentucky BioProcessing,"104,000","Owensboro, KY",Company - Private,Consumer Products Manufacturing,Manufacturing
Data Analytics Project Manager,"63,000","Springfield, MA",Company - Private,Insurance Carriers,Insurance
Consultant - Analytics Consulting,"63,000","Hartford, CT",Company - Public,IT Services,Information Technology
Data Engineer,"95,000","Orange, CA",Company - Private,Health Care Services & Hospitals,Health Care
Marketing Data Analyst,"49,000","Highland, CA",Company - Private,Gambling,"Arts, Entertainment & Recreation"
Senior Scientist (Neuroscience),"155,000","Marlborough, MA",Company - Private,Biotech & Pharmaceuticals,Biotech & Pharmaceuticals
Medical Laboratory Scientist,"22,000","Burleson, TX",Hospital,Health Care Services & Hospitals,Health Care
Machine Learning Engineer - Regulatory,"87,000","Lenexa, KS",Company - Public,Stock Exchanges,Finance
R&D Specialist/ Food Scientist,"53,000","Hoopeston, IL",Company - Private,Food & Beverage Manufacturing,Manufacturing
Data Engineer,"65,000","New York, NY",Company - Private,Research & Development,Business Services
"Scientist, Bacteriology","112,000","Concord, CA",Company - Public,Biotech & Pharmaceuticals,Biotech & Pharmaceuticals
"Associate Director, Platform and DevOps- Data Engineering and Aritifical Intelligence","155,000","Cambridge, MA",Company - Public,Biotech & Pharmaceuticals,Biotech & Pharmaceuticals
Senior Research Scientist-Machine Learning,"124,000","Pittsburgh, PA",College / University,Colleges & Universities,Education
Senior Data Scientist,"129,000","Chicago, IL",Company - Private,Consulting,Business Services
Clinical Laboratory Scientist,"32,000","Vail, CO",Hospital,Health Care Services & Hospitals,Health Care
Analytics Manager - Data Mart,"64,000","Scotts Valley, CA",Nonprofit Organization,Health Care Services & Hospitals,Health Care
Sr. Data Engineer - Contract-to-Hire (Java),"98,000","Knoxville, TN",Company - Private,Gas Stations,Retail
Data Scientist - Algorithms & Inference,"143,000","San Francisco, CA",Company - Private,Enterprise Software & Network Solutions,Information Technology
Senior Data Scientist - R&D Oncology,"137,000","New York, NY",Company - Public,Biotech & Pharmaceuticals,Biotech & Pharmaceuticals
Data Engineer,"99,000","Denver, CO",Nonprofit Organization,Insurance Carriers,Insurance
Food Scientist - Developer,"54,000","Milwaukee, WI",Company - Private,Food & Beverage Manufacturing,Manufacturing
Senior Data Scientist,"140,000","Natick, MA",Company - Private,Computer Hardware & Software,Information Technology
Data Engineer,"109,000","Rockville, MD",Company - Private,IT Services,Information Technology
"Director II, Data Science - GRM Actuarial","254,000","Chicago, IL",Company - Private,Insurance Carriers,Insurance
"Scientist, Molecular/Cellular Biologist","73,000","South San Francisco, CA",Subsidiary or Business Segment,Biotech & Pharmaceuticals,Biotech & Pharmaceuticals
Staff Scientist-Downstream Process Development,"81,000","Rockville, MD",Company - Private,Biotech & Pharmaceuticals,Biotech & Pharmaceuticals
MED TECH/LAB SCIENTIST- SOUTH COASTAL LAB,"28,000","Millville, DE",Nonprofit Organization,Health Care Services & Hospitals,Health Care
Scientist - Analytical Services,"100,000","Winston-Salem, NC",Company - Private,Consumer Products Manufacturing,Manufacturing
Associate Data Analyst- Graduate Development Program,"46,000","Richfield, OH",Company - Private,Insurance Carriers,Insurance
Sr. Data Engineer,"123,000","Indianapolis, IN",Company - Private,Consulting,Business Services
Senior Insurance Data Scientist,"140,000","Chicago, IL",Company - Public,Financial Analytics & Research,Finance
Senior Data Science Systems Engineer,"78,000","Hampton, VA",Nonprofit Organization,Federal Agencies,Government
ENVIRONMENTAL ENGINEER/SCIENTIST,"27,000","Cambridge, MA",Company - Private,Construction,"Construction, Repair & Maintenance"
Senior Scientist - Regulatory Submissions,"118,000","Winston-Salem, NC",Company - Private,Consumer Products Manufacturing,Manufacturing
Scientist - Biomarker and Flow Cytometry,"71,000","San Diego, CA",Company - Private,Biotech & Pharmaceuticals,Biotech & Pharmaceuticals
Revenue Analytics Manager,"62,000","San Francisco, CA",Company - Private,Computer Hardware & Software,Information Technology
"Associate Scientist, LC/MS Biologics","70,000","Ithaca, NY",Company - Private,Biotech & Pharmaceuticals,Biotech & Pharmaceuticals
Sr. Scientist Method Development,"80,000","Marietta, GA",Company - Private,Biotech & Pharmaceuticals,Biotech & Pharmaceuticals
IT - Data Engineer II,"90,000","Quincy, MA",Company - Private,Insurance Carriers,Insurance
"Research Scientist, Immunology - Cancer Biology","120,000","Cambridge, MA",Company - Private,Biotech & Pharmaceuticals,Biotech & Pharmaceuticals
"Project Scientist - Auton Lab, Robotics Institute","74,000","Pittsburgh, PA",College / University,Colleges & Universities,Education
Data Scientist,"91,000","Fort Lauderdale, FL",Subsidiary or Business Segment,Advertising & Marketing,Business Services
Data Scientist,"155,000","Washington, DC",Company - Private,Enterprise Software & Network Solutions,Information Technology
"Enterprise Architect, Data","130,000","Boston, MA",Company - Private,Insurance Carriers,Insurance
"Senior Manager, Epidemiologic Data Scientist","168,000","New York, NY",Company - Public,Biotech & Pharmaceuticals,Biotech & Pharmaceuticals
Corporate Risk Data Analyst (SQL Based) - Milwaukee or,"60,000","Green Bay, WI",Company - Public,Banks & Credit Unions,Finance
Lead Data Scientist,"180,000","Burbank, CA",Company - Private,Financial Analytics & Research,Finance
"Marketing Data Analyst, May 2020 Undergrad","65,000","New York, NY",Company - Private,Travel Agencies,Travel & Tourism
Senior Data Engineer,"113,000","Durham, NC",Company - Private,Computer Hardware & Software,Information Technology
Senior Data Analyst,"88,000","New York, NY",Company - Private,"Department, Clothing, & Shoe Stores",Retail
Data Modeler - Data Solutions Engineer,"52,000","Indianapolis, IN",Company - Private,Insurance Carriers,Insurance
Associate Environmental Scientist - Wildlife Biologist,"51,000","Clovis, CA",Company - Private,Architectural & Engineering Services,Business Services
"Associate, Data Science, Internal Audit","63,000","Boston, MA",Company - Private,Banks & Credit Unions,Finance
Sr Data Engineer (Sr BI Developer),"100,000","Chandler, AZ",Company - Public,Health Care Services & Hospitals,Health Care
Data Engineer,"85,000","Chantilly, VA",Company - Private,IT Services,Information Technology
Senior LiDAR Data Scientist,"122,000","Orlando, FL",Company - Private,Computer Hardware & Software,Information Technology
Salesforce Analytics Consultant,"67,000","Chicago, IL",Company - Private,Enterprise Software & Network Solutions,Information Technology
"Technology-Minded, Data Professional Opportunities","71,000","Columbia, MO",Company - Private,Lending,Finance
Senior Data Engineer,"139,000","Austin, TX",Company - Private,Security Services,Business Services
Managing Data Scientist/ML Engineer,"108,000","Boston, MA",Company - Private,Consulting,Business Services
"Scientist, Pharmacometrics","121,000","Cambridge, MA",Company - Public,Biotech & Pharmaceuticals,Biotech & Pharmaceuticals
Staff Scientist- Upstream PD,"81,000","Rockville, MD",Company - Private,Biotech & Pharmaceuticals,Biotech & Pharmaceuticals
Scientist Manufacturing Pharma - Kentucky BioProcessing,"104,000","Owensboro, KY",Company - Private,Consumer Products Manufacturing,Manufacturing
Sr. Data Engineer,"108,000","Chicago, IL",Company - Public,Transportation Management,Transportation & Logistics
Lead Big Data Engineer,"162,000","San Francisco, CA",Company - Private,Internet,Information Technology
Product Engineer – Spatial Data Science and Statistical Analysis,"69,000","Redlands, CA",Company - Private,Computer Hardware & Software,Information Technology
Sr Software Engineer (Data Scientist),"111,000","Westlake, OH",Company - Public,Insurance Carriers,Insurance
College Hire - Data Scientist - Open to December 2019 Graduates,"81,000","Peoria, IL",Company - Public,Industrial Manufacturing,Manufacturing
Senior Data Scientist,"130,000","Chicago, IL",Company - Public,Real Estate,Real Estate
Sr. Data Engineer (ETL Developer),"116,000","Des Moines, IA",Subsidiary or Business Segment,Insurance Carriers,Insurance
Senior Data Scientist Artificial Intelligence,"81,000","Richland, WA",Government,Energy,"Oil, Gas, Energy & Utilities"
Analytics - Business Assurance Data Analyst,"43,000","Cedar Rapids, IA",Company - Private,Lending,Finance
"Associate Director/Director, Safety Scientist","140,000","Cambridge, MA",Company - Public,Biotech & Pharmaceuticals,Biotech & Pharmaceuticals
"Senior Scientist, Cell Pharmacology/Assay Development","120,000","Cambridge, MA",Company - Private,Biotech & Pharmaceuticals,Biotech & Pharmaceuticals
Data Analyst Senior,"67,000","Philadelphia, PA",Company - Private,Insurance Carriers,Insurance
Lead Data Engineer (Python),"95,000","San Francisco, CA",Company - Private,Staffing & Outsourcing,Business Services
Senior Data Scientist 4 Artificial Intelligence,"119,000","Seattle, WA",Government,Energy,"Oil, Gas, Energy & Utilities"
Medical Lab Scientist - MLT,"25,000","Omaha, NE",Nonprofit Organization,Health Care Services & Hospitals,Health Care
"Senior Operations Data Analyst, Call Center Operations","14,000","Nashville, TN",Company - Public,Financial Transaction Processing,Finance
"Director II, Data Science - GRS Predictive Analytics","195,000","Chicago, IL",Company - Private,Insurance Carriers,Insurance
RESEARCH COMPUTER SCIENTIST - RESEARCH ENGINEER - SR. COMPUTER SCIENTIST - SOFTWARE DEVELOPMENT,"72,000","San Antonio, TX",Nonprofit Organization,Research & Development,Business Services
Geospatial Software Developer and Data Scientist,"106,000","Austin, TX",College / University,Colleges & Universities,Education
Senior Scientist - Toxicologist - Product Integrity (Stewardship),"74,000","Winston-Salem, NC",Company - Private,Consumer Products Manufacturing,Manufacturing
Systems Engineer II - Data Analyst,"63,000","Huntsville, AL",Company - Public,Aerospace & Defense,Aerospace & Defense
Senior Research Analytical Scientist-Non-Targeted Analysis,"66,000","Durham, NC",Nonprofit Organization,Research & Development,Business Services
Director Data Science,"162,000","Fort Lee, NJ",Company - Private,Advertising & Marketing,Business Services
Sr Data Analyst - IT,"73,000","Blue Bell, PA",Other Organization,Biotech & Pharmaceuticals,Biotech & Pharmaceuticals
Senior Data Engineer,"139,000","San Francisco, CA",Company - Public,Computer Hardware & Software,Information Technology
Senior Data Engineer,"137,000","San Francisco, CA",Company - Private,Internet,Information Technology
Associate Machine Learning Engineer / Data Scientist May 2020 Undergrad,"75,000","New York, NY",Company - Private,Travel Agencies,Travel & Tourism
Senior Scientist - Biostatistician,"81,000","Winston-Salem, NC",Company - Private,Consumer Products Manufacturing,Manufacturing
Data Scientist,"76,000","Albuquerque, NM",Company - Public,Biotech & Pharmaceuticals,Biotech & Pharmaceuticals
Data Scientist,"144,000","Saint Louis, MO",Company - Private,IT Services,Information Technology
Data Scientist,"101,000","Springfield, VA",Company - Private,Aerospace & Defense,Aerospace & Defense
Data Engineer,"92,000","Springfield, MA",Company - Private,Insurance Carriers,Insurance
Computational Chemist/Data Scientist,"77,000","Richland, WA",Government,Energy,"Oil, Gas, Energy & Utilities"
Principal Data Scientist (Computational Chemistry),"141,000","Salt Lake City, UT",Company - Private,Biotech & Pharmaceuticals,Biotech & Pharmaceuticals
Data Scientist,"117,000","Jersey City, NJ",Company - Public,Investment Banking & Asset Management,Finance
Principal Machine Learning Scientist,"233,000","San Francisco, CA",Subsidiary or Business Segment,Computer Hardware & Software,Information Technology
Data Scientist,"121,000","San Francisco, CA",Company - Private,Enterprise Software & Network Solutions,Information Technology
Product Engineer – Data Science,"82,000","Arlington, VA",Company - Private,Computer Hardware & Software,Information Technology
"Principal Scientist, Chemistry & Immunology","85,000","Rochester, NY",Hospital,Health Care Services & Hospitals,Health Care
Data Scientist,"153,000","Emeryville, CA",Company - Public,IT Services,Information Technology
Data Scientist,"127,000","Palo Alto, CA",Company - Private,Internet,Information Technology
Data Scientist,"86,000","Santa Barbara, CA",Company - Private,Computer Hardware & Software,Information Technology
Data Scientist,"77,000","Carle Place, NY",Company - Public,Wholesale,Business Services
Data Scientist,"128,000","New York, NY",Subsidiary or Business Segment,TV Broadcast & Cable Networks,Media
Data Engineer,"92,000","King of Prussia, PA",Company - Private,Staffing & Outsourcing,Business Services
"Scientist/Senior Scientist, Autoimmune","135,000","Cambridge, MA",Company - Public,Biotech & Pharmaceuticals,Biotech & Pharmaceuticals
Data Scientist,"165,000","San Francisco, CA",Company - Private,Advertising & Marketing,Business Services
Software Engineer - Data Visualization,"94,000","Annapolis Junction, MD",Company - Private,Computer Hardware & Software,Information Technology
Market Data Analyst,"44,000","West Palm Beach, FL",Company - Public,Telecommunications Manufacturing,Telecommunications
Staff Data Engineer,"150,000","Austin, TX",Company - Private,Computer Hardware & Software,Information Technology
Associate Data Engineer,"66,000","Washington, DC",Company - Private,Research & Development,Business Services
Data Engineer,"109,000","Herndon, VA",Company - Private,Enterprise Software & Network Solutions,Information Technology
Staff Data Engineer,"177,000","Mountain View, CA",Subsidiary or Business Segment,Computer Hardware & Software,Information Technology
Data Scientist,"107,000","Arlington, VA",Company - Private,Aerospace & Defense,Aerospace & Defense
Data Scientist,"155,000","Santa Clara, CA",Company - Private,Enterprise Software & Network Solutions,Information Technology
Data Scientist,"114,000","Santa Clara, CA",Company - Private,Accounting,Accounting & Legal
Senior Data Scientist,"125,000","Charlotte, NC",Company - Public,Insurance Carriers,Insurance
Data Scientist,"144,000","Brisbane, CA",Company - Private,Biotech & Pharmaceuticals,Biotech & Pharmaceuticals
Data Scientist,"114,000","San Francisco, CA",Company - Private,IT Services,Information Technology
Data Scientist,"102,000","Springfield, VA",Company - Public,Aerospace & Defense,Aerospace & Defense
"Data Analyst, Performance Partnership","73,000","New York, NY",Subsidiary or Business Segment,Health Care Products Manufacturing,Manufacturing
Data Scientist,"81,000","New York, NY",Company - Public,Consulting,Business Services
Data Scientist,"111,000","New York, NY",Company - Private,Gas,"Oil, Gas, Energy & Utilities"
Staff BI and Data Engineer,"114,000","San Jose, CA",Company - Private,Advertising & Marketing,Business Services
Data Scientist,"140,000","Foster City, CA",Company - Private,"Health, Beauty, & Fitness",Consumer Services
Data Scientist,"146,000","New York, NY",Company - Private,IT Services,Information Technology
Data Scientist,"87,000","New York, NY",Company - Private,Lending,Finance
Data Scientist,"101,000","Holyoke, MA",Company - Private,Banks & Credit Unions,Finance
Data Scientist Manager,"147,000","New York, NY",Company - Public,Enterprise Software & Network Solutions,Information Technology
Data Engineer,"111,000","New York, NY",Company - Private,Insurance Carriers,Insurance
Marketing Data Analyst,"49,000","Exton, PA",Nonprofit Organization,Banks & Credit Unions,Finance
Data Scientist,"94,000","Waltham, MA",Company - Private,Consulting,Business Services
Senior Data Scientist,"124,000","New York, NY",Company - Public,Enterprise Software & Network Solutions,Information Technology
"Principal Scientist, Hematology","85,000","Rochester, NY",Hospital,Health Care Services & Hospitals,Health Care
Data Analyst,"71,000","Alexandria, VA",Company - Private,IT Services,Information Technology
Software Data Engineer - College,"73,000","Corvallis, OR",Company - Public,Computer Hardware & Software,Information Technology
"Director - Data, Privacy and AI Governance","101,000","Boston, MA",Company - Private,Insurance Carriers,Insurance
Staff Machine Learning Engineer,"181,000","San Francisco, CA",Company - Private,Internet,Information Technology
Data Scientist,"110,000","San Diego, CA",Company - Public,Aerospace & Defense,Aerospace & Defense
Lead Data Scientist,"185,000","Bellevue, WA",Company - Public,IT Services,Information Technology
Senior Data Scientist - Algorithms,"165,000","New York, NY",Company - Private,Enterprise Software & Network Solutions,Information Technology
Information Security Data Analyst,"61,000","Chicago, IL",Company - Public,Computer Hardware & Software,Information Technology
Lead Data Engineer,"205,000","Mountain View, CA",Company - Private,Internet,Information Technology
Data Analyst,"60,000","New York, NY",School / School District,K-12 Education,Education
Scientist Manufacturing - Kentucky BioProcessing,"104,000","Owensboro, KY",Company - Private,Consumer Products Manufacturing,Manufacturing
Consultant - Analytics Consulting,"63,000","Hartford, CT",Company - Public,IT Services,Information Technology
Data Analytics Project Manager,"63,000","Springfield, MA",Company - Private,Insurance Carriers,Insurance
Data Analyst,"66,000","New York, NY",Company - Private,Health Care Services & Hospitals,Health Care
Data Engineer,"95,000","Orange, CA",Company - Private,Health Care Services & Hospitals,Health Care
Data Scientist,"76,000","New York, NY",Company - Private,Education Training Services,Education
Machine Learning Engineer,"87,000","Fort Belvoir, VA",Company - Public,Aerospace & Defense,Aerospace & Defense
Senior Data Scientist Oncology,"140,000","Gaithersburg, MD",Company - Public,Biotech & Pharmaceuticals,Biotech & Pharmaceuticals
Data Scientist,"86,000","Silver Spring, MD",Company - Private,IT Services,Information Technology
Senior Data Scientist,"117,000","Palo Alto, CA",Company - Private,Internet,Information Technology
Senior Scientist (Neuroscience),"155,000","Marlborough, MA",Company - Private,Biotech & Pharmaceuticals,Biotech & Pharmaceuticals
Machine Learning Engineer - Regulatory,"87,000","Lenexa, KS",Company - Public,Stock Exchanges,Finance
Marketing Data Analyst,"49,000","Highland, CA",Company - Private,Gambling,"Arts, Entertainment & Recreation"
Data Engineer,"80,000","Houston, TX",Company - Private,IT Services,Information Technology
Medical Laboratory Scientist,"22,000","Burleson, TX",Hospital,Health Care Services & Hospitals,Health Care
R&D Specialist/ Food Scientist,"53,000","Hoopeston, IL",Company - Private,Food & Beverage Manufacturing,Manufacturing
Principal Data Scientist,"173,000","San Jose, CA",Company - Public,Aerospace & Defense,Aerospace & Defense
Data Engineer,"69,000","Phoenix, AZ",Company - Private,Biotech & Pharmaceuticals,Biotech & Pharmaceuticals
Data Scientist - Alpha Insights,"172,000","New York, NY",Company - Private,Investment Banking & Asset Management,Finance
"Data Scientist, Office of Data Science","115,000","Boston, MA",Company - Private,Insurance Carriers,Insurance
"Associate Principal Scientist, Pharmacogenomics","95,000","Gaithersburg, MD",Company - Public,Biotech & Pharmaceuticals,Biotech & Pharmaceuticals
Data Scientist - Systems Engineering,"70,000","Bedford, MA",Nonprofit Organization,Federal Agencies,Government
Data Engineer,"65,000","New York, NY",Company - Private,Research & Development,Business Services
"Scientist, Bacteriology","112,000","Concord, CA",Company - Public,Biotech & Pharmaceuticals,Biotech & Pharmaceuticals
Data Scientist,"98,000","New York, NY",Company - Private,Consumer Product Rental,Consumer Services
"Associate Director, Platform and DevOps- Data Engineering and Aritifical Intelligence","155,000","Cambridge, MA",Company - Public,Biotech & Pharmaceuticals,Biotech & Pharmaceuticals
Senior Research Scientist-Machine Learning,"124,000","Pittsburgh, PA",College / University,Colleges & Universities,Education
Data Scientist,"95,000","New York, NY",Company - Private,Health Care Services & Hospitals,Health Care
Senior Data Scientist,"129,000","Chicago, IL",Company - Private,Consulting,Business Services
Principal Data Scientist,"194,000","San Francisco, CA",Subsidiary or Business Segment,Enterprise Software & Network Solutions,Information Technology
Data Scientist,"105,000","New York, NY",Company - Public,Advertising & Marketing,Business Services
Clinical Laboratory Scientist,"32,000","Vail, CO",Hospital,Health Care Services & Hospitals,Health Care
Data Engineer - Consultant (Charlotte Based),"86,000","Charlotte, NC",Company - Private,IT Services,Information Technology
"Data Analyst 1, full-time contract worker for up to 12 months","50,000","Salt Lake City, UT",Nonprofit Organization,Religious Organizations,Non-Profit
Data Engineer,"113,000","Aliso Viejo, CA",Company - Public,Video Games,Media
"Scientist, Immuno-Oncology","91,000","Cambridge, MA",Company - Public,Biotech & Pharmaceuticals,Biotech & Pharmaceuticals
Senior Data Scientist,"153,000","Los Angeles, CA",Company - Private,Computer Hardware & Software,Information Technology
Products Data Analyst II,"124,000","Dublin, CA",Company - Public,Consulting,Business Services
Lead Data Analyst,"47,000","New York, NY",Company - Private,Internet,Information Technology
Analytics Manager - Data Mart,"64,000","Scotts Valley, CA",Nonprofit Organization,Health Care Services & Hospitals,Health Care
Data Science Engineer - Mobile,"162,000","San Jose, CA",Company - Public,Computer Hardware & Software,Information Technology
Senior Data Scientist - R&D Oncology,"137,000","New York, NY",Company - Public,Biotech & Pharmaceuticals,Biotech & Pharmaceuticals
Sr. Data Engineer - Contract-to-Hire (Java),"98,000","Knoxville, TN",Company - Private,Gas Stations,Retail
Data Scientist,"115,000","Armonk, NY",Company - Public,Insurance Agencies & Brokerages,Insurance
Senior Data Scientist,"134,000","Arvada, CO",Company - Public,Biotech & Pharmaceuticals,Biotech & Pharmaceuticals
Data Engineer,"99,000","Denver, CO",Nonprofit Organization,Insurance Carriers,Insurance
Food Scientist - Developer,"54,000","Milwaukee, WI",Company - Private,Food & Beverage Manufacturing,Manufacturing
Senior Data Engineer,"109,000","Franklin, TN",Company - Private,Health Care Services & Hospitals,Health Care
Data Engineer,"109,000","Rockville, MD",Company - Private,IT Services,Information Technology
Senior Data Scientist,"140,000","Natick, MA",Company - Private,Computer Hardware & Software,Information Technology
"Director II, Data Science - GRM Actuarial","254,000","Chicago, IL",Company - Private,Insurance Carriers,Insurance
Machine Learning Engineer,"125,000","New York, NY",Company - Private,Computer Hardware & Software,Information Technology
"Sr Expert Data Science, Advanced Visual Analytics (Associate level)","107,000","Cambridge, MA",Company - Public,Biotech & Pharmaceuticals,Biotech & Pharmaceuticals
"Scientist, Molecular/Cellular Biologist","73,000","South San Francisco, CA",Subsidiary or Business Segment,Biotech & Pharmaceuticals,Biotech & Pharmaceuticals
Staff Scientist-Downstream Process Development,"81,000","Rockville, MD",Company - Private,Biotech & Pharmaceuticals,Biotech & Pharmaceuticals
MED TECH/LAB SCIENTIST- SOUTH COASTAL LAB,"28,000","Millville, DE",Nonprofit Organization,Health Care Services & Hospitals,Health Care
Scientist - Analytical Services,"100,000","Winston-Salem, NC",Company - Private,Consumer Products Manufacturing,Manufacturing
Associate Data Analyst- Graduate Development Program,"46,000","Richfield, OH",Company - Private,Insurance Carriers,Insurance
IT Associate Data Analyst,"54,000","Worcester, MA",Company - Public,Insurance Carriers,Insurance
Sr. Data Engineer,"123,000","Indianapolis, IN",Company - Private,Consulting,Business Services
Clinical Data Analyst,"38,000","Tampa, FL",Subsidiary or Business Segment,Enterprise Software & Network Solutions,Information Technology
Business Data Analyst,"54,000","New York, NY",Company - Private,Travel Agencies,Travel & Tourism
Senior Insurance Data Scientist,"140,000","Chicago, IL",Company - Public,Financial Analytics & Research,Finance
Senior Data Science Systems Engineer,"78,000","Hampton, VA",Nonprofit Organization,Federal Agencies,Government
ENVIRONMENTAL ENGINEER/SCIENTIST,"27,000","Cambridge, MA",Company - Private,Construction,"Construction, Repair & Maintenance"
Senior Scientist - Regulatory Submissions,"118,000","Winston-Salem, NC",Company - Private,Consumer Products Manufacturing,Manufacturing
Scientist - Biomarker and Flow Cytometry,"71,000","San Diego, CA",Company - Private,Biotech & Pharmaceuticals,Biotech & Pharmaceuticals
"Associate Scientist, LC/MS Biologics","70,000","Ithaca, NY",Company - Private,Biotech & Pharmaceuticals,Biotech & Pharmaceuticals
Revenue Analytics Manager,"62,000","San Francisco, CA",Company - Private,Computer Hardware & Software,Information Technology
Sr. Scientist Method Development,"80,000","Marietta, GA",Company - Private,Biotech & Pharmaceuticals,Biotech & Pharmaceuticals
Data Scientist,"80,000","Atlanta, GA",Company - Private,Computer Hardware & Software,Information Technology
Data Scientist - Sales,"168,000","Mountain View, CA",Company - Private,Computer Hardware & Software,Information Technology
IT - Data Engineer II,"90,000","Quincy, MA",Company - Private,Insurance Carriers,Insurance
"Research Scientist, Immunology - Cancer Biology","120,000","Cambridge, MA",Company - Private,Biotech & Pharmaceuticals,Biotech & Pharmaceuticals
Senior Data Analyst,"139,000","San Francisco, CA",Company - Public,Computer Hardware & Software,Information Technology
"Principal, Data Science - Advanced Analytics","112,000","Plymouth Meeting, PA",Company - Public,Biotech & Pharmaceuticals,Biotech & Pharmaceuticals
Data Science Project Manager,"69,000","Boston, MA",Company - Private,Insurance Carriers,Insurance
"Sr Scientist, Immuno-Oncology - Oncology","85,000","Cambridge, MA",Company - Public,Biotech & Pharmaceuticals,Biotech & Pharmaceuticals
Senior Data Engineer,"103,000","Nashville, TN",Company - Public,Internet,Information Technology
"Project Scientist - Auton Lab, Robotics Institute","74,000","Pittsburgh, PA",College / University,Colleges & Universities,Education
Research Scientist – Security and Privacy,"94,000","Beavercreek, OH",Nonprofit Organization,Federal Agencies,Government
Data Science Manager,"128,000","Allentown, PA",Company - Private,Staffing & Outsourcing,Business Services
Data Analyst 2 (Missionary Department),"72,000","Salt Lake City, UT",Nonprofit Organization,Religious Organizations,Non-Profit
"Enterprise Architect, Data","130,000","Boston, MA",Company - Private,Insurance Carriers,Insurance
Supply Chain Data Analyst,"47,000","Logan, UT",Company - Private,Consumer Products Manufacturing,Manufacturing
Data Engineer - ETL,"65,000","Birmingham, AL",Subsidiary or Business Segment,Consumer Product Rental,Consumer Services
Corporate Risk Data Analyst (SQL Based) - Milwaukee or,"60,000","Green Bay, WI",Company - Public,Banks & Credit Unions,Finance
"Senior Manager, Epidemiologic Data Scientist","168,000","New York, NY",Company - Public,Biotech & Pharmaceuticals,Biotech & Pharmaceuticals
"Marketing Data Analyst, May 2020 Undergrad","65,000","New York, NY",Company - Private,Travel Agencies,Travel & Tourism
Senior Data Analyst,"94,000","Herndon, VA",Company - Private,Enterprise Software & Network Solutions,Information Technology
Senior Data Analyst,"88,000","New York, NY",Company - Private,"Department, Clothing, & Shoe Stores",Retail
Senior Data Engineer,"97,000","Reston, VA",Company - Private,Enterprise Software & Network Solutions,Information Technology
Senior Data Engineer,"113,000","Durham, NC",Company - Private,Computer Hardware & Software,Information Technology
Data Modeler (Analytical Systems),"92,000","Boston, MA",Company - Private,Insurance Carriers,Insurance
Data Modeler - Data Solutions Engineer,"52,000","Indianapolis, IN",Company - Private,Insurance Carriers,Insurance
Data Scientist in Translational Medicine,"115,000","Cambridge, MA",Company - Public,Biotech & Pharmaceuticals,Biotech & Pharmaceuticals
Data Scientist,"115,000","New York, NY",Company - Private,Consulting,Business Services
Product Manager/Data Evangelist,"74,000","Phila, PA",Company - Private,Staffing & Outsourcing,Business Services
Associate Environmental Scientist - Wildlife Biologist,"51,000","Clovis, CA",Company - Private,Architectural & Engineering Services,Business Services
Sr Data Engineer (Sr BI Developer),"100,000","Chandler, AZ",Company - Public,Health Care Services & Hospitals,Health Care
"Senior Data Scientist – Visualization, Novartis AI Innovation Lab","121,000","Cambridge, MA",Company - Public,Biotech & Pharmaceuticals,Biotech & Pharmaceuticals
Senior Data Analyst/Scientist,"122,000","San Francisco, CA",Company - Private,Computer Hardware & Software,Information Technology
"Associate, Data Science, Internal Audit","63,000","Boston, MA",Company - Private,Banks & Credit Unions,Finance
"Scientist Cancer Discovery, Molecular Assay","118,000","Cambridge, MA",Company - Private,Biotech & Pharmaceuticals,Biotech & Pharmaceuticals
Senior LiDAR Data Scientist,"122,000","Orlando, FL",Company - Private,Computer Hardware & Software,Information Technology
Data Engineer,"85,000","Chantilly, VA",Company - Private,IT Services,Information Technology
Data Engineer,"61,000","Scottsdale, AZ",Company - Private,IT Services,Information Technology
Lead Data Scientist,"180,000","Burbank, CA",Company - Private,Financial Analytics & Research,Finance
"Technology-Minded, Data Professional Opportunities","71,000","Columbia, MO",Company - Private,Lending,Finance
Big Data Engineer,"119,000","Chantilly, VA",Company - Private,Aerospace & Defense,Aerospace & Defense
Salesforce Analytics Consultant,"67,000","Chicago, IL",Company - Private,Enterprise Software & Network Solutions,Information Technology
Managing Data Scientist/ML Engineer,"108,000","Boston, MA",Company - Private,Consulting,Business Services
Senior Data Engineer,"139,000","Austin, TX",Company - Private,Security Services,Business Services
Staff Scientist- Upstream PD,"81,000","Rockville, MD",Company - Private,Biotech & Pharmaceuticals,Biotech & Pharmaceuticals
Data Engineering Analyst,"59,000","Bloomington, IL",Company - Private,Insurance Carriers,Insurance
Sr. Data Engineer,"108,000","Chicago, IL",Company - Public,Transportation Management,Transportation & Logistics
"Scientist, Pharmacometrics","121,000","Cambridge, MA",Company - Public,Biotech & Pharmaceuticals,Biotech & Pharmaceuticals
Manager of Data Science,"64,000","San Francisco, CA",Company - Private,Internet,Information Technology
Scientist Manufacturing Pharma - Kentucky BioProcessing,"104,000","Owensboro, KY",Company - Private,Consumer Products Manufacturing,Manufacturing
Software Engineer (Data Scientist/Software Engineer) - SISW - MG,"107,000","Fremont, CA",Company - Public,Computer Hardware & Software,Information Technology
Data Engineer,"106,000","Springfield, VA",Company - Public,Aerospace & Defense,Aerospace & Defense
Data Engineer,"83,000","San Diego, CA",Company - Private,Insurance Carriers,Insurance
Lead Big Data Engineer,"162,000","San Francisco, CA",Company - Private,Internet,Information Technology
Product Engineer – Spatial Data Science and Statistical Analysis,"69,000","Redlands, CA",Company - Private,Computer Hardware & Software,Information Technology
Sr Software Engineer (Data Scientist),"111,000","Westlake, OH",Company - Public,Insurance Carriers,Insurance
Sr. Data Engineer (ETL Developer),"116,000","Des Moines, IA",Subsidiary or Business Segment,Insurance Carriers,Insurance
Associate Research Scientist I (Protein Expression and Production),"88,000","Alameda, CA",Company - Public,Biotech & Pharmaceuticals,Biotech & Pharmaceuticals
Senior Data Scientist Artificial Intelligence,"81,000","Richland, WA",Government,Energy,"Oil, Gas, Energy & Utilities"
Analytics - Business Assurance Data Analyst,"43,000","Cedar Rapids, IA",Company - Private,Lending,Finance
"Associate Director/Director, Safety Scientist","140,000","Cambridge, MA",Company - Public,Biotech & Pharmaceuticals,Biotech & Pharmaceuticals
"Director, Precision Medicine Clinical Biomarker Scientist","172,000","Cambridge, MA",Company - Public,Biotech & Pharmaceuticals,Biotech & Pharmaceuticals
"Senior Scientist, Cell Pharmacology/Assay Development","120,000","Cambridge, MA",Company - Private,Biotech & Pharmaceuticals,Biotech & Pharmaceuticals
Data Analyst Senior,"67,000","Philadelphia, PA",Company - Private,Insurance Carriers,Insurance
Senior Formulations Scientist II,"100,000","Alameda, CA",Company - Public,Biotech & Pharmaceuticals,Biotech & Pharmaceuticals
Lead Data Engineer (Python),"95,000","San Francisco, CA",Company - Private,Staffing & Outsourcing,Business Services
Data Science Manager,"222,000","San Francisco, CA",Company - Private,Health Care Services & Hospitals,Health Care
Senior Data Scientist 4 Artificial Intelligence,"119,000","Seattle, WA",Government,Energy,"Oil, Gas, Energy & Utilities"
Data Engineer,"96,000","Chicago, IL",Company - Private,Consulting,Business Services
"Director II, Data Science - GRS Predictive Analytics","195,000","Chicago, IL",Company - Private,Insurance Carriers,Insurance
Medical Lab Scientist - MLT,"25,000","Omaha, NE",Nonprofit Organization,Health Care Services & Hospitals,Health Care
"Senior Operations Data Analyst, Call Center Operations","14,000","Nashville, TN",Company - Public,Financial Transaction Processing,Finance
Senior Quantitative Analyst,"173,000","Jersey City, NJ",Company - Private,Brokerage Services,Finance
Geospatial Software Developer and Data Scientist,"106,000","Austin, TX",College / University,Colleges & Universities,Education
RESEARCH COMPUTER SCIENTIST - RESEARCH ENGINEER - SR. COMPUTER SCIENTIST - SOFTWARE DEVELOPMENT,"72,000","San Antonio, TX",Nonprofit Organization,Research & Development,Business Services
Senior Scientist - Toxicologist - Product Integrity (Stewardship),"74,000","Winston-Salem, NC",Company - Private,Consumer Products Manufacturing,Manufacturing
Systems Engineer II - Data Analyst,"63,000","Huntsville, AL",Company - Public,Aerospace & Defense,Aerospace & Defense
Senior Research Analytical Scientist-Non-Targeted Analysis,"66,000","Durham, NC",Nonprofit Organization,Research & Development,Business Services
Data Scientist,"85,000","Coraopolis, PA",Company - Public,Sporting Goods Stores,Retail
Principal Data Scientist,"148,000","Gaithersburg, MD",Company - Public,Biotech & Pharmaceuticals,Biotech & Pharmaceuticals
Director Data Science,"162,000","Fort Lee, NJ",Company - Private,Advertising & Marketing,Business Services
Data Engineer,"81,000","Roanoke, VA",Nonprofit Organization,Health Care Services & Hospitals,Health Care
Sr Data Analyst - IT,"73,000","Blue Bell, PA",Other Organization,Biotech & Pharmaceuticals,Biotech & Pharmaceuticals
Senior Data Engineer,"139,000","San Francisco, CA",Company - Public,Computer Hardware & Software,Information Technology
Senior Data Engineer,"137,000","San Francisco, CA",Company - Private,Internet,Information Technology
Sr. Data Analyst,"83,000","New York, NY",Company - Private,Internet,Information Technology
Research Scientist or Senior Research Scientist - Computer Vision,"121,000","Cambridge, MA",Subsidiary or Business Segment,Research & Development,Business Services
Associate Machine Learning Engineer / Data Scientist May 2020 Undergrad,"75,000","New York, NY",Company - Private,Travel Agencies,Travel & Tourism
Data Analyst Chemist - Quality System Contractor,"86,000","San Francisco, CA",Company - Private,Beauty & Personal Accessories Stores,Retail
Senior Scientist - Biostatistician,"81,000","Winston-Salem, NC",Company - Private,Consumer Products Manufacturing,Manufacturing
Research Scientist / Principal Research Scientist - Multiphysical Systems,"168,000","Cambridge, MA",Subsidiary or Business Segment,Research & Development,Business Services
"Research Scientist, Machine Learning Department","108,000","Pittsburgh, PA",College / University,Colleges & Universities,Education
Foundational Community Supports Data Analyst,"45,000","Seattle, WA",Nonprofit Organization,Social Assistance,Non-Profit
"Senior Health Data Analyst, Star Ratings","108,000","Glen Burnie, MD",Company - Private,Health Care Services & Hospitals,Health Care
"Principal Research Scientist/Team Lead, Medicinal Chemistry - Oncology","133,000","Cambridge, MA",Company - Private,Biotech & Pharmaceuticals,Biotech & Pharmaceuticals
Sr. Data Analyst,"70,000","Philadelphia, PA",Company - Private,Health Care Services & Hospitals,Health Care
"Senior Engineer, Data Management Engineering","99,000","Milpitas, CA",Company - Public,Computer Hardware & Software,Information Technology
Quality Control Scientist III- Analytical Development,"81,000","Rockville, MD",Company - Private,Biotech & Pharmaceuticals,Biotech & Pharmaceuticals
"Clinical Scientist, Clinical Development","37,000","Watertown, MA",Company - Private,Biotech & Pharmaceuticals,Biotech & Pharmaceuticals
Software Engineer Staff Scientist: Human Language Technologies,"99,000","Cambridge, MD",Company - Public,Aerospace & Defense,Aerospace & Defense
"Manager, Safety Scientist, Medical Safety & Risk Management","97,000","Cambridge, MA",Company - Public,Biotech & Pharmaceuticals,Biotech & Pharmaceuticals
"Assistant Director/Director, Office of Data Science","53,000","Boston, MA",Company - Private,Insurance Carriers,Insurance
Sr. Data Engineer | Big Data SaaS Pipeline,"103,000","Los Angeles, CA",Company - Private,Enterprise Software & Network Solutions,Information Technology
Senior Risk Data Scientist,"140,000","Palo Alto, CA",Company - Public,Financial Transaction Processing,Finance
Data Scientist in Artificial Intelligence Early Career,"67,000","Richland, WA",Government,Energy,"Oil, Gas, Energy & Utilities"
Consultant - Analytics Consulting,"63,000","Hartford, CT",Company - Public,IT Services,Information Technology
Scientist - CVRM Metabolism - in vivo pharmacology,"92,000","Gaithersburg, MD",Company - Public,Biotech & Pharmaceuticals,Biotech & Pharmaceuticals
Data Analyst,"66,000","New York, NY",Company - Private,Health Care Services & Hospitals,Health Care
Data Engineer,"95,000","Orange, CA",Company - Private,Health Care Services & Hospitals,Health Care
Data Scientist,"114,000","Fort Lee, NJ",Company - Private,Advertising & Marketing,Business Services
Data Scientist,"76,000","New York, NY",Company - Private,Education Training Services,Education
Data Scientist,"96,000","Maryland Heights, MO",School / School District,K-12 Education,Education
Machine Learning Engineer,"87,000","Fort Belvoir, VA",Company - Public,Aerospace & Defense,Aerospace & Defense
Data Scientist,"86,000","Silver Spring, MD",Company - Private,IT Services,Information Technology
Senior Data Scientist,"117,000","Palo Alto, CA",Company - Private,Internet,Information Technology
Senior Scientist (Neuroscience),"155,000","Marlborough, MA",Company - Private,Biotech & Pharmaceuticals,Biotech & Pharmaceuticals
Marketing Data Analyst,"49,000","Highland, CA",Company - Private,Gambling,"Arts, Entertainment & Recreation"
Machine Learning Engineer - Regulatory,"87,000","Lenexa, KS",Company - Public,Stock Exchanges,Finance
Data Engineer,"80,000","Houston, TX",Company - Private,IT Services,Information Technology
Medical Laboratory Scientist,"22,000","Burleson, TX",Hospital,Health Care Services & Hospitals,Health Care
Principal Data Scientist,"173,000","San Jose, CA",Company - Public,Aerospace & Defense,Aerospace & Defense
R&D Specialist/ Food Scientist,"53,000","Hoopeston, IL",Company - Private,Food & Beverage Manufacturing,Manufacturing
Data Engineer,"69,000","Phoenix, AZ",Company - Private,Biotech & Pharmaceuticals,Biotech & Pharmaceuticals
"Associate Principal Scientist, Pharmacogenomics","95,000","Gaithersburg, MD",Company - Public,Biotech & Pharmaceuticals,Biotech & Pharmaceuticals
Data Scientist - Systems Engineering,"70,000","Bedford, MA",Nonprofit Organization,Federal Agencies,Government
Senior Data Scientist,"107,000","Cincinnati, OH",Subsidiary or Business Segment,Metals Brokers,Mining & Metals
Data Scientist SR,"112,000","Charlottesville, VA",Company - Private,IT Services,Information Technology
Data Scientist,"97,000","Washington, DC",Company - Private,Consulting,Business Services
"Scientist, Bacteriology","112,000","Concord, CA",Company - Public,Biotech & Pharmaceuticals,Biotech & Pharmaceuticals
"Associate Director, Platform and DevOps- Data Engineering and Aritifical Intelligence","155,000","Cambridge, MA",Company - Public,Biotech & Pharmaceuticals,Biotech & Pharmaceuticals
Data Scientist,"95,000","New York, NY",Company - Private,Health Care Services & Hospitals,Health Care
Data Scientist,"98,000","New York, NY",Company - Private,Consumer Product Rental,Consumer Services
Senior Data Scientist,"129,000","Chicago, IL",Company - Private,Consulting,Business Services
Senior Research Scientist-Machine Learning,"124,000","Pittsburgh, PA",College / University,Colleges & Universities,Education
Principal Data Scientist,"194,000","San Francisco, CA",Subsidiary or Business Segment,Enterprise Software & Network Solutions,Information Technology
Clinical Laboratory Scientist,"32,000","Vail, CO",Hospital,Health Care Services & Hospitals,Health Care
"Data Analyst 1, full-time contract worker for up to 12 months","50,000","Salt Lake City, UT",Nonprofit Organization,Religious Organizations,Non-Profit
Data Scientist,"105,000","New York, NY",Company - Public,Advertising & Marketing,Business Services
Data Scientist,"70,000","Phoenix, AZ",Company - Private,IT Services,Information Technology
Data Scientist,"121,000","Irvine, CA",Company - Private,Colleges & Universities,Education
Data Engineer - Consultant (Charlotte Based),"86,000","Charlotte, NC",Company - Private,IT Services,Information Technology
Data Engineer,"113,000","Aliso Viejo, CA",Company - Public,Video Games,Media
Data Scientist (Warehouse Automation),"103,000","San Francisco, CA",Subsidiary or Business Segment,Consumer Products Manufacturing,Manufacturing
"Scientist, Immuno-Oncology","91,000","Cambridge, MA",Company - Public,Biotech & Pharmaceuticals,Biotech & Pharmaceuticals
Senior Data Scientist,"153,000","Los Angeles, CA",Company - Private,Computer Hardware & Software,Information Technology
Jr. Data Scientist,"107,000","McLean, VA",Nonprofit Organization,Federal Agencies,Government
Senior Data Scientist,"130,000","Ann Arbor, MI",Company - Private,Computer Hardware & Software,Information Technology
Products Data Analyst II,"124,000","Dublin, CA",Company - Public,Consulting,Business Services
Data Architect / Data Modeler,"87,000","New York, NY",Company - Public,Enterprise Software & Network Solutions,Information Technology
Analytics Manager - Data Mart,"64,000","Scotts Valley, CA",Nonprofit Organization,Health Care Services & Hospitals,Health Care
Lead Data Analyst,"47,000","New York, NY",Company - Private,Internet,Information Technology
Data Science Engineer - Mobile,"162,000","San Jose, CA",Company - Public,Computer Hardware & Software,Information Technology
Senior Data Scientist Oncology,"140,000","Gaithersburg, MD",Company - Public,Biotech & Pharmaceuticals,Biotech & Pharmaceuticals
Data Scientist,"89,000","Olympia, WA",Company - Private,IT Services,Information Technology
Sr. Data Engineer - Contract-to-Hire (Java),"98,000","Knoxville, TN",Company - Private,Gas Stations,Retail
Senior Data Scientist - R&D Oncology,"137,000","New York, NY",Company - Public,Biotech & Pharmaceuticals,Biotech & Pharmaceuticals
Data Engineer,"99,000","Denver, CO",Nonprofit Organization,Insurance Carriers,Insurance
Food Scientist - Developer,"54,000","Milwaukee, WI",Company - Private,Food & Beverage Manufacturing,Manufacturing
Senior Data Engineer,"109,000","Franklin, TN",Company - Private,Health Care Services & Hospitals,Health Care
Data Engineer,"109,000","Rockville, MD",Company - Private,IT Services,Information Technology
Senior Data Scientist,"140,000","Natick, MA",Company - Private,Computer Hardware & Software,Information Technology
"Director II, Data Science - GRM Actuarial","254,000","Chicago, IL",Company - Private,Insurance Carriers,Insurance
Machine Learning Engineer,"125,000","New York, NY",Company - Private,Computer Hardware & Software,Information Technology
"Sr Expert Data Science, Advanced Visual Analytics (Associate level)","107,000","Cambridge, MA",Company - Public,Biotech & Pharmaceuticals,Biotech & Pharmaceuticals
MED TECH/LAB SCIENTIST- SOUTH COASTAL LAB,"28,000","Millville, DE",Nonprofit Organization,Health Care Services & Hospitals,Health Care
"Scientist, Molecular/Cellular Biologist","73,000","South San Francisco, CA",Subsidiary or Business Segment,Biotech & Pharmaceuticals,Biotech & Pharmaceuticals
Staff Scientist-Downstream Process Development,"81,000","Rockville, MD",Company - Private,Biotech & Pharmaceuticals,Biotech & Pharmaceuticals
Data Scientist,"129,000","Philadelphia, PA",Company - Private,Staffing & Outsourcing,Business Services
Scientist - Analytical Services,"100,000","Winston-Salem, NC",Company - Private,Consumer Products Manufacturing,Manufacturing
"Associate Scientist / Sr. Associate Scientist, Antibody Discovery","92,000","South San Francisco, CA",Company - Private,Biotech & Pharmaceuticals,Biotech & Pharmaceuticals
Associate Data Analyst- Graduate Development Program,"46,000","Richfield, OH",Company - Private,Insurance Carriers,Insurance
Sr. Data Engineer,"123,000","Indianapolis, IN",Company - Private,Consulting,Business Services
Clinical Data Analyst,"38,000","Tampa, FL",Subsidiary or Business Segment,Enterprise Software & Network Solutions,Information Technology
IT Associate Data Analyst,"54,000","Worcester, MA",Company - Public,Insurance Carriers,Insurance
Business Data Analyst,"54,000","New York, NY",Company - Private,Travel Agencies,Travel & Tourism
Senior Insurance Data Scientist,"140,000","Chicago, IL",Company - Public,Financial Analytics & Research,Finance
Senior Data Science Systems Engineer,"78,000","Hampton, VA",Nonprofit Organization,Federal Agencies,Government
ENVIRONMENTAL ENGINEER/SCIENTIST,"27,000","Cambridge, MA",Company - Private,Construction,"Construction, Repair & Maintenance"
Senior Scientist - Regulatory Submissions,"118,000","Winston-Salem, NC",Company - Private,Consumer Products Manufacturing,Manufacturing
Scientist - Biomarker and Flow Cytometry,"71,000","San Diego, CA",Company - Private,Biotech & Pharmaceuticals,Biotech & Pharmaceuticals
Revenue Analytics Manager,"62,000","San Francisco, CA",Company - Private,Computer Hardware & Software,Information Technology
Sr. Scientist Method Development,"80,000","Marietta, GA",Company - Private,Biotech & Pharmaceuticals,Biotech & Pharmaceuticals
"Associate Scientist, LC/MS Biologics","70,000","Ithaca, NY",Company - Private,Biotech & Pharmaceuticals,Biotech & Pharmaceuticals
"Research Scientist, Immunology - Cancer Biology","120,000","Cambridge, MA",Company - Private,Biotech & Pharmaceuticals,Biotech & Pharmaceuticals
IT - Data Engineer II,"90,000","Quincy, MA",Company - Private,Insurance Carriers,Insurance
Machine Learning Engineer (NLP),"111,000","Palo Alto, CA",Company - Private,K-12 Education,Education
Senior Data Analyst,"139,000","San Francisco, CA",Company - Public,Computer Hardware & Software,Information Technology
Data Science Project Manager,"69,000","Boston, MA",Company - Private,Insurance Carriers,Insurance
Data Engineer,"88,000","San Francisco, CA",Company - Private,Internet,Information Technology
"Principal, Data Science - Advanced Analytics","112,000","Plymouth Meeting, PA",Company - Public,Biotech & Pharmaceuticals,Biotech & Pharmaceuticals
"Sr Scientist, Immuno-Oncology - Oncology","85,000","Cambridge, MA",Company - Public,Biotech & Pharmaceuticals,Biotech & Pharmaceuticals
Senior Data Engineer,"103,000","Nashville, TN",Company - Public,Internet,Information Technology
"Project Scientist - Auton Lab, Robotics Institute","74,000","Pittsburgh, PA",College / University,Colleges & Universities,Education
Data Science Manager,"128,000","Allentown, PA",Company - Private,Staffing & Outsourcing,Business Services
Research Scientist – Security and Privacy,"94,000","Beavercreek, OH",Nonprofit Organization,Federal Agencies,Government
