salary_id,employer_name,location_name,location_country,location_latitude,location_longitude,job_title,job_title_category,total_experience_years,employer_experience_years,annual_base_pay,signing_bonus,annual_bonus
1,opower,"san francisco, ca",US,37.77,-122.41,systems engineer,Engineering,13,2,125000,5000,0
3,walmart,"bentonville, ar",US,36.36,-94.2,senior developer,Software,15,8,65000,,5000
4,vertical knowledge,"cleveland, oh",US,41.47,-81.67,software engineer,Software,4,1,86000,5000,6000
14,casino,eastern oregon,US,38,-97,it technician,Other,5,1.5,40000,0,500
16,tetra tech,"madison, wi",US,43.1,-89.5,lead interviewer,Other,4,2.5,45000,0,1500
17,knewton,new york city,US,38,-97,senior software engineer,Software,8,2,135000,0,0
24,pensco trust company,"denver, co",US,39.82,-105.1,senior software engineer,Software,10,1.5,120000,0,6000
30,purdue,"west lafayette, in",US,40.44,-86.91,web developer,Web,2,1.5,60000,,
39,magento commerce,"charleston, sc",US,32.78,-79.99,member of technical staff,Other,19,1,131000,,
40,oracle,"bala cynwyd, pa",US,40.01,-75.22,student intern co-op,Other,0,0,24,0,0
45,klick,"toronto, canada",CA,60,-95,full stack developer,Web,5,3,85000,0,5000
46,small consulting shop,"durham, nc",US,35.98,-78.91,developer,Software,10,3.5,150000,,
48,nbc universal,new york,US,38,-97,senior analyst,Data,2,1.5,55000,0,0
59,quick left,boulder co,US,38,-97,senior developer,Software,6,1,120000,0,0
60,1&1 development srl,"bucharest, romania",OM,21,57,software developer,Software,5,2,17264,0,0
62,early-stage startup,"stockholm, sweden",SE,62,15,ios developer,Software,8,0.8,36.5,0,0
64,rei systems,"sterling, va",US,38.86,-77.05,associate software engineer,Software,1,1,55000,,
69,mitsubishi hitachi power systems america,"orlando, florida",US,28.5,-81.37,steam turbine service engineer,Engineering,4,1,80001,10000,
70,startup,"detroit, mi",US,42.38,-83.1,senior engineer,Engineering,8,3,100000,0,0
74,sf startup,"san francisco, ca",US,37.77,-122.41,web developer,Web,5,0.5,125000,5000,10
77,intel,"hillsboro, oregon",US,45.52,-122.85,product development engineer,Software,2.5,2.5,82000,,
79,city of austin,"austin, tx",US,30.26,-97.74,it programmer,Other,40,15,103000,0,1500
88,early-stage startup,"denver, co",US,39.82,-105.1,director of product,Management,5,3,80000,,
89,social tables,washington dc,US,38,-97,engineer,Engineering,2,1,80000,5000,
90,loyalty new zealand,"wellington, new zealand",NZ,-41,174,software engineer,Software,2,2,50000,,5000
91,freelance,"denver, co",US,39.82,-105.1,software engineer,Software,20,11,190000,0,0
95,.gov,"albany, ny",US,42.66,-73.79,architect,Other,18,16,119000,0,2000
103,stronghold data,joplin mo,US,38,-97,teir two tech,Other,9,4,38000,0,1000
104,self-employed,"jersey city, nj",JE,49.25,-2.17,"consultant, cto as needed",Other,8,1,325000,0,0
109,comcast,"philadelphia, pa",US,39.95,-75.16,python engineer,Engineering,5,1,138000,0,0
112,linkedin,"san jose, ca",US,37.38,-121.89,site reliability engineer,Engineering,4,1,140000,,14000
114,nara logics,"cambridge, ma",US,42.35,-71.06,software developer,Software,12,4,115000,,
118,small b2b company,"barcelona, spain",ES,40,-4,system administrator,Management,10,10,1575,0,3000
120,microsoft,"redmond, wa",US,47.68,-122.12,software engineer 1,Software,1,1,105000,15000,
124,nyc singles looking to fuck,new york city,US,38,-97,horny,Other,3,0.5,420000,69,69
125,startup,"san francisco, ca",US,37.77,-122.41,software engineer,Software,2.5,1,100000,0,0
127,cornell,"ithaca, ny",US,42.44,-76.5,phd student,Other,4,4,28500,0,0
128,microsoft,"redmond, wa",US,47.68,-122.12,sde,Software,4,2,275000,0,2
132,too small to say,"oklahoma city, ok",US,35.46,-97.51,web developer general it,Web,10,7.5,88000,0,8000
138,analytics company,"raleigh, nc",US,35.82,-78.65,software developer,Software,11,2,103000,,12000
142,epic,"verona, wisconsin",US,42.98,-89.53,software developer,Software,4,2,94000,,2000
143,evry,"karlstad, sweden",SE,62,15,consultant,Other,3,2,380000,,
152,texas tech  system,"lubbock, tx",US,33.57,-101.87,programmer analyst iii,Data,7,3,55000,0,0
153,unc-ch/ncsu joint biomedical engr. dept,"raleigh, nc",US,35.82,-78.65,phd student,Other,4,1,24073,0,0
156,investment bank,"new york, ny",US,40.71,-73.99,m&a analyst,Data,1,1,85000,15000,70000
161,ihs,poland,PL,52,20,software engineer,Software,4,2,30000,,
162,conde nast,"new york city, ny",US,40.71,-73.99,software engineer - level 2,Software,8,4,112000,0,2
167,mid-size fundraising startup,"san francisco, ca",US,37.77,-122.41,senior software engineer,Software,11,0,165000,0,0
168,starbucks coffee company,"seattel, wa",US,38,-97,senior application developer,Software,10,3,127000,0,15
191,apple,95014,US,37.3,-122.09,senior system engineer,Engineering,9,1,130000,20000,
193,amazon,98102,US,47.61,-122.33,ux designer ii,Other,1,1,12000,55000,15000
195,walmartlabs,94086,US,37.38,-122.01,principal/lead software engineer,Software,14,4,190000,150000,50000
211,intel,"hillsboro, oregon",US,45.52,-122.85,computer hardware engineer,Engineering,1.5,1.5,72000,0,0
215,amazon,98105,US,47.61,-122.33,ux designer ii,Other,1,1,120000,0,0
217,small ~15 startup,israel,IL,31.47,35.13,senior software engineer,Software,8,2,90000,,
219,municipality,"bremerhaven, germany",DE,51,9,software developer,Software,11,7,54100,,3595
222,microsoft,98004,US,47.61,-122.21,software engineer 2,Software,4,3.5,115000,50000,15000
230,analyst warehouse,dallas tx,US,38,-97,software developer,Software,10,1,90000,0,0
249,dupont pioneer,"johnston, iowa",US,41.68,-93.7,software developer,Software,10,3,125000,10000,15000
252,newspaper company,california,US,38,-97,cto,Management,8,1,100000,0,0
253,bhhc,"omaha, ne",US,41.15,-95.92,fp&a analyst,Data,3,3,46500,0,0
254,optum,"plymouth, mn",US,44.96,-93.26,software engineer,Software,6,1,85000,3000,5000
256,american express,"phoenix, arizona",US,33.45,-112.06,intern,Other,0,0,60000,5000,
262,salesforce,"seattle, wa",US,47.61,-122.33,senior software engineer,Software,,2,125000,,18000
265,directv/at&t,"culver city, ca",US,33.99,-118.39,application engineer,Engineering,5,4,79000,0,10000
273,sunpower,"richmond, ca",US,37.96,-122.38,financial engineer,Engineering,0,1,87000,0,8000
276,mri software llc,"solon, oh",US,41.38,-81.44,software engineer,Software,3,1,48500,,
279,pricespy,"Ì_ngelholm, sweden",SE,62,15,agent developer,Software,0,1,300000,0,0
294,justice systems,"albuquerque, nm",US,35.11,-106.62,software engineer,Software,2,1,51000,0,0
305,a stealth startup,washington d.c.,US,38,-97,lead,Other,17,1,175000,0,10000
311,myself,"rennes, france",FR,46,2,3d graphics engineer,Engineering,5,1.5,15000,,
313,iqmetrix,"regina, sk canada",CA,60,-95,software developer,Software,0,1,55000,0,0
317,delaware north,"buffalo, ny",US,42.88,-78.85,data visualization engineer,Data,3,0,80000,,
324,series c saas provider,"san francisco, ca",US,37.77,-122.41,full stack engineer,Web,16,2,132000,0,0
325,garmin,"olathe, ks",US,38.88,-94.81,software engineer 2,Software,2.75,2.75,72200,4000,0
326,of oklahoma,"norman, ok",US,35.22,-97.34,it support technician iii,Other,16,14,37500,0,0
327,aig,"wilton, ct usa",US,41.18,-73.42,microsoft developer for release management (grade 22),Software,20,2,165000,20000,0
337,nope,united states,US,38,-97,software developer,Software,5,4,61000,1000,1000
340,amazon,"seattle, wa",US,47.61,-122.33,sde i,Software,2,0.5,105000,30000,
342,igs energy,"columbus, oh",US,39.98,-82.98,application developer,Software,3,1,65000,0,5000
351,spotx,"denver, co",US,39.82,-105.1,software engineer,Software,7,2,84000,1500,1500
355,perk,"austin, tx",US,30.26,-97.74,developer,Software,2,0,54000,2500,0
358,building robotics,"oakland, ca",US,37.72,-122.2,senior backend engineer,Engineering,9,2,145000,,
364,ibm,"san diego, ca",US,32.71,-117.16,software developer,Software,9,8,151000,15000,5000
365,quicken loans,"detroit, mi",US,42.38,-83.1,sr. software engineer,Software,5,3,82000,0,13000
366,bank,"stockholm, sweden",SE,62,15,junior developer,Software,1,1,48000,0,3000
371,of washington,"seattle, wa",US,47.61,-122.33,data scientist,Data,10,4,101000,0,0
374,state of oregon,oregon,US,38,-97,senior software developer,Software,10,5,80000,0,0
378,evertec,puerto rico,PR,18.25,-66.5,software developer,Software,2.5,1.5,40000,,2
379,nist,"gaithersburg, md",US,39.14,-77.21,postdoc,Other,7,1,67000,0,0
387,bank,"warsaw, poland",PL,52,20,data mining analyst,Data,6,5,30000,0,0
391,bi esfera,"asunciÌ_n, paraguay",PY,-23,-58,senior developer,Software,10,4,38400,0,3200
393,guidewire,"dublin, ireland",IE,53,-8,consultant,Other,4,3,42000,0,6300
395,new york mets,"new york, new york",US,38,-97,pitcher,Other,20,3,1000000,4500000,500000
399,ticket broker,northern california,US,38,-97,chief of technology,Other,15,3,125000,0,6000
401,ibm canada,"toronto, canada",CA,60,-95,peoplesoft administrator,Management,15,10,112000,0,0
403,freelance/consulting,"vancouver, canada",CA,60,-95,software engineer,Software,9,7,270000,,
405,cisco,canada,CA,60,-95,software engineer,Software,15,3,110000,0,14000
406,boutique development consulting,"denver,  co",US,39.82,-105.1,consultant,Other,4,1,88000,,4500
407,self-employed,"kingston, canada",CA,60,-95,consultant,Other,10,,180000,,
411,missouri  of science and technology,"rolla, mo, usa",US,37.94,-91.76,secondary cluster administrator,Management,3,1,43000,0,0
417,solidfire,"boulder, co",US,40.02,-105.25,senior software engineer,Software,4,2,113000,0,9000
435,amazon,"seattle, wa",US,47.61,-122.33,sr. product manager,Management,7,2.7,128000,50000,
441,microsoft,"seattle, wa",US,47.61,-122.33,software development engineer,Software,10,10,190000,0,65000
443,simplotel,"bangalore, india",IN,20,77,senior software engineer,Software,3.5,1,18000,0,
446,popsugar,"san francisco, ca",US,37.77,-122.41,senior software engineer,Software,12,1,135000,0,0
466,private,"stuart, fl",US,27.19,-80.24,web developer,Web,10,2,75000,0,0
475,i.b.m.,north carolina,US,38,-97,senior software engineer,Software,18,12,29000,0,0
479,liveperson,"atlanta, georgia",GE,42,43.5,devops engineer,Engineering,1,1,46999,0,0
480,facebook,"seattle, wa usa",US,47.61,-122.33,software engineer,Software,7,3,167000,25000,25000
487,typical norwegian consulting firm,"oslo, norway",NO,62,10,android developer,Software,2,0.5,450000,0,0
489,ignition one,new york city,US,38,-97,software engineer,Software,8,1,155000,0,36000
492,lockheed martin,"owego, ny",US,42.1,-76.26,associate electrical engineer,Engineering,1,1,60528,0,0
494,anaheim ducks,"anaheim, ca",US,33.83,-117.88,"professional ice hockey player, center",Other,16,10,9250000,5000000,
495,optum,"boston, ma",US,42.35,-71.06,junior systems engineer,Engineering,1,3,80000,0,5
499,intel,"santa clara, ca",US,37.34,-121.95,senior software engineer,Software,12,4,145000,0,30000
501,viacom,new york city,US,38,-97,ios developer,Software,1,0,92000,0,0
502,education,florida,US,38,-97,it director,Management,20,10,75000,,
517,paychex,"rochester, ny",US,43.16,-77.61,junior java developer,Software,2,0,60000,0,
518,midstage startup,"san francisco, ca",US,37.77,-122.41,software developer,Software,1,1,120000,0,12000
519,microsoft,"redmond, wa",US,47.68,-122.12,software developer,Software,2,2,120000,8000,8000
521,nokia,canada,CA,60,-95,software development engineer,Software,3,3,57450,,7
523,city of college station,"college station, tx",US,30.6,-96.31,systems analyst,Data,2,1,51000,0,0
531,harvard,"cambridge, ma",US,42.35,-71.06,graduate student / research assistant,Other,6,6,32000,0,0
532,nasa,washington dc,US,38,-97,software engineer,Software,1,1,78000,,
537,amex,new york,US,38,-97,software engineer,Software,,,98000,9000,
538,linklaters,new york city,US,38,-97,it support engineer,Engineering,6,0,50000,0,0
542,exl landa,chico ca,US,38,-97,software qa tech,Software,5,5,45000,,2000
544,netsuite,"oklahoma city, ok",US,35.46,-97.51,sr. software engineer ii,Software,15,1,120000,0,0
546,netlight consulting,"stockholm, sweden",SE,62,15,consultant,Other,2,1,52200,0,0
556,quintiq,"radnor, pa",US,39.96,-75.35,algorithm expert,Other,5,1,80000,0,4000
561,vml,"kansas city, mo",US,39.1,-94.62,interactive web developer,Web,4,1,55000,0,0
562,c2s tech,"redmond, wa",US,47.68,-122.12,front end developer,Web,5,0.5,60000,0,0
564,earwigs,monaco,MC,43.73,7.4,lead earwig specialist,Other,10,10,1000000,1000000,1000000
566,12 employee startup,"calgary, canada",CA,60,-95,front end web developer,Web,3,1,70000,0,0
570,amazon,"seattle, wa",US,47.61,-122.33,software development engineer ii,Software,4,2,121000,38000,0
571,of rochester brain and cognitive sciences,rochester ny,US,38,-97,graduate student,Other,3,3,26000,0,0
575,1000+ consulting company / service contractor,"dortmund, germany",DE,51,9,software engineer,Software,2,2,45000,0,5000
582,mobiquity,"gainesville, fl",US,29.67,-82.33,ios developer,Software,2,1.25,55000,0,0
592,d-wave,vancouver bc,CA,60,-95,algorithmic software developer,Software,3,1,90000,0,0
593,meltwater,sweden,SE,62,15,developer,Software,6,0,56000,0,4000
596,wyle,"lexington park, md",US,38.26,-76.44,software engineer,Software,7,3,79000,0,0
598,50-person startup post series a,"washington, dc",US,38,-97,software engineer,Software,,1,115000,10000,
599,lockheed martin,"austin, tx",US,30.26,-97.74,senior business analyst,Data,7,3,99500,0,4000
600,an unnamed advertising agency,"halifax, ns, canada",CA,60,-95,devops lead,Other,3,1,53000,0,1500
601,logic technology,"schenectady, ny",US,42.85,-73.9,technical director,Management,13,12,93500,0,15000
607,self,"washington, dc",US,38,-97,independent software engineer,Software,14,6,230000,0,0
610,government/higher education,arizona,US,38,-97,developer / system analyst,Data,6,3,46000,0,0
626,aecom,"richmond, ky",US,37.74,-84.29,automation engineer,Engineering,17,4,112000,0,0
629,business insider,"new york, ny",US,40.71,-73.99,director of infrastructure,Management,,1,125000,0,10000
631,gnaa,compton ca,US,38,-97,nigger in cheif,Other,12,12,690000,,
633,financial software company,"washington, dc",US,38,-97,software engineer,Software,4,2,140000,0,0
636,secretsecretsecret,canada,CA,60,-95,team lead,Management,6,3,72600,0,0
638,consulting company,"chicago, il",US,41.85,-87.65,devops engineer,Engineering,6,3,95000,0,0
646,yext,new york,US,38,-97,engineer,Engineering,,2,100000,,
647,18f,new york city,US,38,-97,innovation specialist,Other,7,0,145000,0,0
648,shell oil,"houston, tx",US,29.76,-95.38,application developer,Software,10,2,216000,,
649,logic technology,"schenectady, ny",US,42.85,-73.9,technical director,Management,13,12,73000,0,5000
653,self emplyed,"warsaw, poland",PL,52,20,developer,Software,6,3,28,0,0
658,livingsocial,"portland, or",US,45.44,-122.52,sr. software engineer,Software,7,2,108000,,2000
659,arbor networks,"ann arbor, mi",US,42.27,-83.73,software engineer,Software,,,105000,,
665,m.h. frank ltd.,"clemson, sc",US,34.68,-82.81,sales associate,Other,3,3,12000,0,100
668,luminoso,"cambridge, ma",US,42.35,-71.06,software engineer,Software,2,1,75000,0,0
672,startup,"san francisco (palo alto), ca",US,38,-97,software engineer,Software,3,1,100000,2500,1500
676,google,new york,US,38,-97,software engineer,Software,1,1,115000,15000,15000
683,deloitte,south africa,ZA,-29,24,assistant manager,Management,5,0.5,45000,0,800
684,united states government,"fayetteville, ar",US,36.04,-94.24,it technician,Other,2,1,49300,,150
687,amazon,germany,DE,51,9,sde2,Software,7,3,70000,10000,
694,enterprise software company,"pleasanton, ca",US,37.65,-121.85,front end developer,Web,15,1,105000,0,0
695,ebay,"san jose, ca",US,37.38,-121.89,mts ii software engineer,Software,20,8,181000,,20000
697,teksystems,"lincoln, ne",US,40.81,-96.68,senior applications developer,Software,10,3,80000,0,0
700,neustar,"sterling, va",US,38.86,-77.05,software engineer ii,Software,4,3,89000,,10
712,alliant energy,"madison, wi",US,43.1,-89.5,senior it analyst,Data,8,1,103000,0,15450
715,expedia,"bellevue, wa",US,47.61,-122.21,software development engineer i,Software,1,0,105500,20000,10
719,best buy,"minneapolis, mn",US,44.96,-93.26,web engineer ii,Web,7,2,125000,5000,15000
728,iac applications,"yonkers, ny",US,40.94,-73.86,senior engineer,Engineering,16,10,124000,3000,10000
730,microsoft,"redmond, wa",US,47.68,-122.12,software development engineer 2,Software,7,3,124000,55000,2600
734,bloomberg,new york city,US,38,-97,software engineer,Software,0,0,117000,0,17000
748,bulletproof,"sydney, australia",AU,-27,133,engineer,Engineering,15,3.5,160000,0,0
753,nbcuniversal,"boise, id (remote, job is based in nyc)",US,43.62,-116.32,senior software engineer,Software,10,1.5,113375,0,0
767,sparefoot,"austin, tx",US,30.26,-97.74,php developer,Software,,,150000,20000,10000
778,brazilian startup,brazil,BR,-10,-55,senior developer,Software,10,3,90000,0,0
780,wpp,new york,US,38,-97,executive director of user experience,Management,18,2,195000,15000,10
781,square,"san francisco, ca",US,37.77,-122.41,software engineer,Software,4,3,110000,0,0
802,cconsultancy firm,dublin ireland,IE,53,-8,senior software developer,Software,8.5,7,62500,0,3000
813,startup,"cambridge, ma",US,42.35,-71.06,engineer,Engineering,2,2,130000,0,10000
818,online training company,ireland,IE,53,-8,software development manager,Management,10,1,70000,0,30000
828,medium sized isv,"montreal, quebec, canada",CA,60,-95,application analyst,Data,16,6,81500,0,3000
830,startup,mississippi,US,38,-97,software developer,Software,3,2,49000,0,700
834,sef,"san francisco, ca",US,37.77,-122.41,founder,Management,20,1,0,0,0
836,stanford,"stanford, ca",US,37.41,-122.17,graduate student researcher,Other,,6,32000,0,0
838,sandia national laboratories,"albuquerque, new mexico",MX,23,-102,research intern,Other,2,0,46000,0,0
847,careworks tech,"columbus, oh",US,39.98,-82.98,lead front-end web developer,Web,5,2,77957.56,0,0
848,sacramento county,"sacramento, ca",US,38.58,-121.49,it analyst i,Data,4,1,61000,0,0
849,unnamed pre-series a startup,"cologne, germany",DE,51,9,software engineer,Software,2,0,48000,0,4000
852,niehs,"durham, nc",US,35.98,-78.91,software developer,Software,2,1,68000,0,0
854,netspend,"austin, tx",US,30.26,-97.74,front-end developer,Web,1,1,72000,0,5500
868,ad-tech,new york,US,38,-97,senior data analyst,Data,8,2,110000,0,10000
873,deka research,"manchester, nh",US,42.99,-71.45,software engineer,Software,5,3,69000,2000,3000
880,verizon,"waltham, ma",US,42.38,-71.24,senior software engineer,Software,7,2,110000,,
882,domo,"american fork, ut",US,40.39,-111.78,account executive,Management,5,1,80000,25000,140000
883,hp,bulgaria,BG,43,25,unix support engineer level 1,Engineering,1,1,5600,0,0
888,moven,"radnor, pa",US,39.96,-75.35,software engineer,Software,8,1,105000,0,0
902,microsoft,"redmond, wa",US,47.68,-122.12,sde,Software,5,1,115000,15000,
908,large retailer,"new york, ny",US,40.71,-73.99,interactive designer,Other,9,4,67000,0,0
912,twitter,new york city,US,38,-97,senior software engineer,Software,15,2,155000,0,0
924,oracle,southern california,US,38,-97,ux developer,Software,10,5,100000,,
927,1st4connect,"lahore, pakistan",PK,30,70,software developer engineer,Software,3,1,100000,,
932,nike,"beaverton, or",US,45.49,-122.8,senior technical project manager,Management,10,1,124000,0,0
934,fresh code,"salt lake city, utah",US,40.75,-111.9,software engineer,Software,5,0.5,95000,0,0
935,ericsson,ireland,IE,53,-8,software engineer,Software,4,1,40000,0,0
939,ak systems,new york,US,38,-97,software engineer,Software,10,6,120000,,10000
944,freelance,peru,PE,-10,-76,software engineer,Software,5,2,200000,0,0
948,cox automotive,"burlington, vt",US,44.48,-73.22,ui developer,Software,4,1.5,73500,0,5
958,state farm,"phoenix, az",US,33.45,-112.06,software developer,Software,2,1,63000,4000,6000
960,plain vanilla,iceland,IS,65,-18,software developer,Software,3,1,62000,0,0
964,digitalocean,new york,US,38,-97,sre,Other,10,2,173000,25000,5000
977,google,new york city,US,38,-97,software engineer ii (level 3),Software,4,1,117500,0,18000
979,twitter,"san francisco, ca",US,37.77,-122.41,software engineer,Software,3,1,140000,0,0
988,facebook,north carolina,US,38,-97,software engineer,Software,12,2,198000,25000,40000
990,-,"brisbane, australia",AU,-27,133,senior software engineer,Software,15,1,115000,0,0
993,l-mobile software solutions gmbh,"sulzbach an der murr, germany",DE,51,9,software engineer,Software,6,4,40000,0,0
998,intel,"folsom, ca",US,38.67,-121.14,application developer,Software,2,2,74000,6000,3000
999,sovrn holdings,"boulder, co",US,40.02,-105.25,software engineer,Software,6,1,105000,0,0
1003,n/a,"interior bc, canada",CA,60,-95,software engineer (intermediate),Software,7,0,100000,0,0
1007,vitelity communications,"englewood, co",US,39.76,-104.87,software engineer,Software,5,3,70000,,
1009,amazon,"santa monica, ca",US,34.01,-118.49,sde i,Software,1,1,95000,27000,0
1011,digitalocean,virginia,US,38,-97,ruby engineer,Engineering,10,1,130000,0,7000
1019,photo hosting company,"mountain view, ca",US,37.41,-122.05,engineer,Engineering,13,3,150000,0,2000
1025,ixl learning,"san mateo, ca",US,37.57,-122.32,sr. software engineer,Software,4,3,125000,0,0
1026,mitre,bedford ma,US,38,-97,lead software systems engineer,Software,10,6,111500,3500,0
1027,ibm,south carolina,US,38,-97,senior systems analyst,Data,16,10,94000,,0
1029,6 person startup,"san francisco, ca",US,37.77,-122.41,software engineer,Software,2,0,105000,5000,
1033,self,"minneapolis, mn",US,44.96,-93.26,senior front-end/full-stack developer,Web,8,,135000,,
1037,e commerce company,"boston, ma",US,42.35,-71.06,‰ÛÜsr engineer,Engineering,12,4,135000,0,20000
1038,cgi,canada,CA,60,-95,senior consultant,Other,5,4,40000,0,800
1040,ecommerce startup,"salt lake city, ut",US,40.75,-111.9,magento developer,Software,6,1.5,37500,0,15
1041,state of california,"sacramento, ca",US,38.58,-121.49,staff programmer,Other,4,3,65000,,
1042,startup,"adelaide, australia",AU,-27,133,senior software engineer,Software,15,4,85000,0,0
1043,dish,"denver, co",US,39.82,-105.1,software engineer,Software,1,1,70000,0,0
1044,uppsala,sweden,SE,62,15,post-doc,Other,6,6,51000,,
1053,the motley fool,"alexandria, va",US,38.86,-77.05,systems administrator,Management,5,2,85000,0,
1054,ut dallas,plano tx,US,38,-97,programmer iii,Other,4,2.5,67500,0,0
1058,datis hr cloud,"tampa, fl",US,27.95,-82.48,software developer,Software,15,0,115000,5000,2500
1063,microsoft,"redmond, wa",US,47.68,-122.12,software engineer,Software,7,7,144000,0,20000
1064,ibm,"austin, tx",US,30.26,-97.74,software engineer,Software,1,1,101000,10000,
1065,washington post,"washington, dc",US,38,-97,full stack developer,Web,,,80000,5000,0
1066,big  via middleman agency,south of france,FR,46,2,front-end engineer,Web,5,3,42000,1000,0
1067,springfield power company,"springsfield, co",US,38,-97,nuclear safety inspector,Other,30,30,24395.8,0,0
1075,ontact,"salt lake city, ut",US,40.75,-111.9,senior software engineer,Software,7,4,95000,0,8000
1076,small consulting firm,"arlington, va",US,38.86,-77.05,software developer,Software,0.5,0.5,70000,5000,
1080,accenture,washington dc,US,38,-97,analyst,Data,2,2,72000,5000,5000
1084,client in hr,france - lyon,FR,46,2,developer,Software,1,1,25000,0,0
1085,school of visual arts,"new york, ny",US,40.71,-73.99,systems administration,Management,15,3,45000,,
1087,onera,"toulouse, france",FR,46,2,phd candidate,Other,5,4,32000,0,0
1088,amazon,"seattle, wa",US,47.61,-122.33,technical program manager,Management,10,0,130000,37000,
1091,think big,"mountain view, ca",US,37.41,-122.05,senior data engineer,Data,5,4,145000,0,15000
1093,microsoft,"redmond, wa",US,47.68,-122.12,software engineer ii,Software,7,7,128000,30000,10000
1094,(private),"boston, ma",US,42.35,-71.06,creative director + designer/developer,Management,12,4,100000,0,0
1098,pricewaterhousecoopers,australia,AU,-27,133,senior software engineer,Software,5,1,97000,0,2000
1106,kbc,belgium,BE,50.83,4,data scientist,Data,5,2,69000,0,5000
1112,startup (15-20 people),"san francisco, ca",US,37.77,-122.41,senior software engineer,Software,6,0.5,150000,,
1113,epic systems,"verona, wisconsin",US,42.98,-89.53,software developer,Software,0.9,0.9,95000,10000,
1120,bah,maryland,US,38,-97,senior software engineer,Software,15,1,101000,0,0
1122,freelance,"portland, or",US,45.44,-122.52,front-end developer,Web,1,1,75000,,
1123,microsoft,"redmond, wa",US,47.68,-122.12,service engineer,Engineering,3,1,105000,5000,
1126,hcl america,"redmond, wa",US,47.68,-122.12,system administrator,Management,10,2,55000,0,0
1128,fcsa,"omaha, ne",US,41.15,-95.92,software engineer - consultant,Software,12,1,150000,0,0
1133,life time fitness,"louisville, co",US,39.96,-105.14,software engineer,Software,5,1,75000,0,0
1134,ergon energy,"brisbane, australia",AU,-27,133,senior telecommunications specialist,Other,10,1,1250000,0,0
1135,nav canada,"ottawa, canada",CA,60,-95,software developer,Software,5,1,83000,0,0
1137,billups,97034,US,45.4,-122.68,director of product management,Management,15,1,135000,0,0
1146,reply spa,germany,DE,51,9,consultant,Other,0,0,45000,0,0
1148,bitdefender srl,"cluj-napoca, romania",OM,21,57,software engineer,Software,2,2,21500,0,0
1162,buffer,"toronto, on",CA,60,-95,mobile engineering lead,Engineering,6,2,103595,0,0
1166,eastman chemical company,"kingsport, tn",US,36.52,-82.55,accountant,Other,2,2,62000,2500,
1169,centurylink,"denver, co",US,39.82,-105.1,software engineer,Software,3,1,80000,0,4000
1174,microsoft,"redmond, wa",US,47.68,-122.12,senior software engineer,Software,4,4,147000,5000,26000
1179,freelance,"zurich, switzerland",CH,47,8,software security engineer,Software,10,0,140000,0,20000
1187,rackspace,"austin, tx",US,30.26,-97.74,software engineer,Software,5,,135000,0,15
1190,thermo fisher scientific,"lowell, ma",US,42.63,-71.32,software engineer ii,Software,3,2,84000,5000,4000
1192,protolabs,minnesota,US,38,-97,analyst,Data,3,1,45000,,1500
1194,of illinois,"champaign, il",US,40.11,-88.26,communications specialist,Other,6,3,58000,,
1200,google,"mountain view, ca",US,37.41,-122.05,web solutions engineer,Web,10,1,120000,0,18000
1204,paypal,maryland,US,38,-97,software engineer,Software,1,1,80000,10000,10
1206,undisclosed,"portland, or",US,45.44,-122.52,sr. support engineer,Engineering,15,4,97000,0,0
1208,indiana,"indianapolis, in",IN,20,77,it systems specialist,Other,10,1,85000,0,0
1221,ibm,"irvine, ca",US,33.74,-117.76,staff software engineer,Software,4,4,88800,0,1000
1226,interviewjet,new york city,US,38,-97,head of talent,Other,2,1,50000,0,0
1227,philips,"eindhoven, netherlands",NL,52.5,5.75,software engineer,Software,6,3,55000,6000,
1235,ericsson,hungary,HU,47,20,software developer,Software,10,10,28000,0,1500
1237,apple,"cupertino, ca",US,37.3,-122.09,firmware engineer,Engineering,5,4,120000,10000,10000
1240,amazon,new york,US,38,-97,sde2,Software,8,3,140000,40000,0
1252,toyota,"costa mesa, california",US,33.67,-117.9,senior javascript engineer,Engineering,9,1,124000,0,5000
1255,george mason,"fairfax, va",US,38.86,-77.05,assistant professor,Other,4,4,102000,0,20400
1258,crytek,"frankfurt, germany",DE,51,9,web developer,Web,8,1,50000,0,0
1262,bisite research group,"salamanca, spain",ES,40,-4,intern software engineer,Software,4,0,5160,0,0
1266,qualcomm,colorado,US,38,-97,senior engineer,Engineering,4,4,120000,20000,5000
1272,penn medicine,"philadelphia, pa",US,39.95,-75.16,senior software developer,Software,5,2,90000,0,0
1278,bloomberg,new york,US,38,-97,software engineer,Software,8,2,150000,,20000
1279,elisa,"helsinki, finland",FI,64,26,senior software engineer,Software,13,11,48000,0,1000
1280,agl energy,"melbourne, australia",AU,-27,133,analyst,Data,3,1,90000,0,10000
1288,shadowfax,india,IN,20,77,business analyst,Data,3,1,25000,0,2500
1299,too small to say publicly,"dayton, oh",US,39.77,-84.19,research engineer,Engineering,7,1,119500,0,0
1301,Fraunhofer,germany,DE,51,9,post doc in computer science,Applied Science,7,7,60480,0,0
1309,oracle,california,US,38,-97,software architect,Software,13,1,400000,,50000
1310,prominent consultancy,new york city,US,38,-97,mobile developer,Software,3,1,111000,5000,0
1323,red ratos brazil,brazil,BR,-10,-55,senior software engineer,Software,8,4,27000,,4000
1324,small startup ~8 employees,"tel aviv, israel",IL,31.47,35.13,ruby engineer,Engineering,9,3,56000,0,0
1328,pzu s.a.,"warsaw, poland",PL,52,20,software developer,Software,3,1,27000,0,0
1332,microsoft,"seattle, wa",US,47.61,-122.33,senior applied scientist,Applied Science,6,6,155000,0,30000
1338,blink creative,"melbourne, australia",AU,-27,133,junior web developer,Web,4,1,38150,0,0
1342,craftsy,"denver, co",US,39.82,-105.1,lead engineer,Engineering,11,4,120000,0,0
1344,shutterstock,"new york, ny",US,40.71,-73.99,infrastructure engineer,Engineering,8,1.5,139000,,10
1346,neuvoo,venezuela,VE,8,-66,full stack software engineer,Web,3,0,8400,0,0
1354,codechangers,"st. george, ut",US,38,-97,content manager,Management,3,0,45000,0,0
1355,bloomberg,"new york, ny",US,40.71,-73.99,software developer,Software,3,3,139000,5000,17000
1356,umbc imaging research center,"baltimore, md",US,39.3,-76.61,faculty research assistant,Other,2,1,42000,0,0
1357,rupeal,"lisbon, portugal",PT,39.5,-8,senior software developer,Software,9,2,40000,,
1359,hearst,new york,US,38,-97,software engineer,Software,10,2,150000,0,0
1366,murex,new york,US,38,-97,consultant,Other,4,4,100000,,20000
1368,digitaslbi,new york city,US,38,-97,senior analyst,Data,2,0,90000,0,0
1369,google,new york city,US,38,-97,software engineer ii,Software,5,1.5,124000,10000,22000
1370,new york,"new york, ny",US,40.71,-73.99,grader,Other,1,1,6320,0,0
1372,salesforce,"san francisco, ca",US,37.77,-122.41,lead member of technical staff,Other,9,1.5,170000,25000,25000
1377,vmware,"palo alto, ca",US,37.44,-122.15,member of technical staff ii,Other,1,1,115000,33750,13800
1380,trade me ltd,new zealand,NZ,-41,174,developer,Software,8,5,89000,,0
1381,a small cad compary,"centennial, co",US,39.69,-104.81,software engineer,Software,2,1,66500,0,0
1383,knewton,new york city,US,38,-97,senior software engineer,Software,2.5,2.5,140000,0,0
1386,a software company,poland,PL,52,20,team leader,Other,4,2,19000,0,500
1407,a non-profit research institute,"berlin, germany",DE,51,9,software engineer,Software,9,1.5,48160,0,0
1412,automotive,austin tx,US,38,-97,software test,Software,6,3,65000,0,7000
1426,bloomberg lp,"new york, ny",US,40.71,-73.99,senior software egnineer,Software,2,2,120000,0,20000
1428,startup,india,IN,20,77,web developer,Web,0.5,0.5,3609,,
1432,shutterstock,new york,US,38,-97,engineer,Engineering,5,3,100000,0,0
1434,harvard,"cambridge, ma",US,42.35,-71.06,research fellow,Other,5,2,62000,0,0
1441,oracle,"seattle, wa",US,47.61,-122.33,ux developer,Software,8,5,129500,0,0
1442,saic,"huntsville, al",US,34.7,-86.62,senior computer engineer,Engineering,25,8,119000,0,0
1443,city of carson city,"carson city, nv",US,39.14,-119.71,it systems technician,Other,4,1,46000,,
1446,intel,"folsom, ca",US,38.67,-121.14,software engineering manager,Management,16,2,160000,10000,25000
1458,kpmg,new york,US,38,-97,manager,Management,5,5,105000,0,10000
1459,hewlett packard enterprise,"roseville, ca",US,38.74,-121.25,software engineer,Software,4,19,125000,0,5700
1462,google,belgium,BE,50.83,4,operations engineer,Engineering,6.5,1.5,67500,0,13500
1465,intel,"folsom, ca",US,38.67,-121.14,software engineer,Software,15,3,135000,25000,15000
1467,lawrence livermore national laboratory,"livermore, ca",US,37.68,-121.75,ses.2,Other,4,3,120000,,
1474,austin ai startup,"austin, tx",US,30.26,-97.74,ui team lead,Management,5,1.5,90000,0,20000
1475,online loan company,chicago il,US,38,-97,sr software engineer,Software,6,2,92700,0,92700
1482,pre series a startup,"copenhagen, denmark",DK,56,10,lead software engineer,Software,5,1,108500,,
1488,d2l,"kitchener, canada",CA,60,-95,software developer,Software,3,3,70000,0,3
1490,fedex ground,"pittsburgh, pa",US,40.35,-79.9,engineer,Engineering,4,3,67000,0,1000
1491,icm,"sydney, australia",AU,-27,133,manager,Management,20,2.5,143000,0,7150
1492,tableau,"kirkland, wa",US,47.67,-122.18,software engineer,Software,1,1,86000,2400,10
1493,emc,ireland,IE,53,-8,senior engineer,Engineering,,,58000,,6000
1495,garmin,"olathe, ks",US,38.88,-94.81,software engineer 2,Software,4,3,76000,4000,250
1501,amazon,"luxembourg, luxembourg",LU,49.75,6.17,product management intern,Other,0,0.5,24000,0,0
1502,fed govt,washington dc,US,38,-97,it program manager,Management,25,25,135000,0,0
1503,ngo,sweden,SE,62,15,lead engineer,Engineering,1,1,44000,0,0
1507,startup,"greenville, sc",US,34.83,-82.37,front-end engineer,Web,6,,80000,,
1508,amazon,"seattle, wa",US,47.61,-122.33,sde1,Software,4,1,115000,50000,
1514,rr donnelley,"chicago, il",US,41.85,-87.65,manager / productowner,Management,15,15,10800,0,10
1515,c3iot,"redwood city, ca",US,37.46,-122.24,senior software engineer,Software,10,2,130000,0,18
1517,freelancer/self-employed,sweden,SE,62,15,consultant,Other,12,4,61000,0,0
1539,small startup,"easton, pa",US,40.68,-75.22,co-founder,Management,9,3,36000,0,0
1545,linkedin,"mountain view, ca",US,37.41,-122.05,senior software engineer,Software,2,2,150000,0,15000
1553,john hopkins applied physics lab,maryland,US,38,-97,research intern,Other,1,0,30,0,0
1555,orange county startup,"orange county, ca",US,38,-97,front end developer,Web,2,1,72500,0,0
1557,fruition partners,new york city,US,38,-97,architect,Other,4,2.5,100000,0,20000
1564,loan company,"bc, canada",CA,60,-95,training and devolpment,Other,0,2,40000,0,2000
1568,nordstrom,"seattle, wa",US,47.61,-122.33,software engineer 3,Software,10,2,130000,,
1573,glassdoor,"mill valley, ca",US,37.89,-122.56,lead engineer,Engineering,8,4,150000,,15000
1578,crittercism,"san francisco, ca",US,37.77,-122.41,senior engineer,Engineering,9,3,135000,0,6000
1579,the home depot,"austin, tx",US,30.26,-97.74,software engineer,Software,10,1,125000,5000,8
1580,us army,"baltimore, md",US,39.3,-76.61,sap developer,Software,8,4,64000,0,250
1584,huron consulting group,"portland, or",US,45.44,-122.52,senior software engineer,Software,11,,90000,0,0
1592,hospital,"toronto, on",CA,60,-95,researcher/programmer,Other,15,4,65110,0,0
1594,qualcomm,"toronto, on",CA,60,-95,engineer,Engineering,3,2,75000,10000,3000
1597,small startup,"seattle, wa",US,47.61,-122.33,software engineer,Software,3.5,1.5,122500,0,0
1600,ebay,"san jose, ca",US,37.38,-121.89,mts1,Other,11,2,161000,10000,10
1605,hvg,"budapest, hungary",HU,47,20,software architect,Software,6,1.5,6000000,0,0
1606,icahn school of medicine at moutn sinai,new york city,US,38,-97,graduate student,Other,4,4,33500,0,0
1619,jet propulsion lab,"pasadena, ca",US,34.14,-118.13,group supervisor,Other,26,20,185000,0,5000
1624,mexican consulting,mexico,MX,23,-102,full stack developer,Web,3,1,17500,,
1626,state of texas,"austin, tx",US,30.26,-97.74,system analyst iii,Data,3,2,65000,0,0
1641,state of ohio,"columbus, oh",US,39.98,-82.98,software developer 1,Software,6,4,56000,0,0
1644,ibm,austin tx,US,38,-97,software engineer,Software,1.5,1.5,86000,5000,0
1645,digital fractal technologies,"edmonton, ab",CA,60,-95,software developer,Software,7,2.5,59280,0,0
1655,booz allen hamilton,"washington, dc",US,38,-97,"software engineer, level ii",Software,,1.5,71000,0,0
1657,um health system,"ann arbor, mi",US,42.27,-83.73,data architect / software developer,Data,11,5,95000,2000,50
1667,united states digital service,washington d.c.,US,38,-97,digital service expert,Other,8,0.5,126000,0,0
1668,us army government contractor,"warren, mi",US,42.49,-83.02,software engineer iv,Software,18,2,130000,3000,2500
1669,microsoft,"seattle, wa",US,47.61,-122.33,software development engineer,Software,0,0,106000,15000,
1677,aol,germany,DE,51,9,principal software engineer,Software,12,6,80000,0,15
1687,humana,"tampa, fl",US,27.95,-82.48,technology business analyst,Data,,7,60650,0,0
1692,here,"berlin, germany",DE,51,9,senior software engineer,Software,5,,60000,10000,6000
1694,unidentified,"baltimore, md",US,39.3,-76.61,senior software engineer,Software,11,2,235000,0,0
1697,~50-person startup,"boston, ma",US,42.35,-71.06,software engineer,Software,3,3,115000,0,3
1704,fintech,"san jose, ca",US,37.38,-121.89,systems engineer,Engineering,9,5,137500,0,10
1711,research non-profit,"boulder, co",US,40.02,-105.25,software engineer,Software,20,20,102000,0,0
1712,american family insurance,"madison, wi",US,43.1,-89.5,data scientist,Data,2,2,120000,12000,6500
1717,rvm,new york,US,38,-97,engineer,Engineering,6,4,75000,0,2500
1720,gov't contractor,virginia-washington area,US,38,-97,software engineer,Software,5,1,125000,,5000
1722,fidelity,ireland,IE,53,-8,senior software engineer,Software,3,3,45000,1500,5000
1730,oracle,"redwood city, ca",US,37.46,-122.24,senior applications engineer,Engineering,6,0.5,134000,12500,0
1733,general motors,"chandler, az",US,33.32,-111.87,software developer,Software,1.5,1.5,61000,0,4
1738,the gay nigger assocation of america,"tarzana, ca",US,34.2,-118.54,hnic,Other,15,15,250000,30000,90000
1739,zillow group,"irvine, ca",US,33.74,-117.76,software developer,Software,4,1,105000,2000,
1741,usa company,spain,ES,40,-4,software engineer,Software,7,2,130000,0,0
1746,trendco,california,US,38,-97,swe,Software,3,3,150,100,20
1751,autodesk canada,"toronto, canada",CA,60,-95,software developer,Software,8,4,100000,5000,11000
1768,norwegian tax authority,norway,NO,62,10,senior systems engineer,Engineering,17,4,71000,0,0
1777,microsoft,"redmond, washington",US,47.68,-122.12,software engineer,Software,1.5,1.5,114500,5000,12000
1780,state street,"princeton, nj",US,40.35,-74.65,valuations officer / software dev,Software,11,1,94000,0,1
1786,unity technologies,"copenhagen, denmark",DK,56,10,software developer,Software,9,1,74000,0,0
1788,carfax,columbia mo,US,38,-97,software developer,Software,3,1,70000,0,7000
1791,tune,"seattle, wa",US,47.61,-122.33,software engineer 3,Software,6,2,120000,0,1000
1805,public,spain,ES,40,-4,programmer,Other,,,23000,,
1814,interana,"redwood city, ca",US,37.46,-122.24,site reliability engineer,Engineering,5,0.5,140000,0,
1819,mercury group of companies,"melbourne, australia",AU,-27,133,senior .net developer,Software,16,2,105000,,
1830,sfr,"lyon, france",FR,46,2,network engineer,Engineering,3,2,40000,,5500
1831,bw,"vancouver, bc",CA,60,-95,web developer,Web,3,1,60000,0,300
1832,liberty mutual,new hampshire,US,38,-97,developer intern,Software,3,1.5,48000,0,0
1834,nokia,"ottawa, canada",CA,60,-95,software designer,Software,4,1,56000,0,0
1837,google,"mountain view, ca",US,37.41,-122.05,software engineer,Software,6,1,130000,0,20000
1841,synopsys,"mountain view, california",US,37.41,-122.05,software engineer,Software,1,1,97000,,10000
1853,ibm,canada,CA,60,-95,software engineer,Software,4,4,75000,,4000
1854,ibm,"austin, tx",US,30.26,-97.74,software engineer,Software,2,2,82000,3000,2000
1859,disney interactive,"glendale, ca",US,34.17,-118.29,software engineer,Software,4,3,88000,0,25000
1862,ford,michigan,US,38,-97,mobile software engineer,Software,4,3,82500,6000,6500
1863,well funded non-profit,"washington, dc",US,38,-97,senior software engineer,Software,11,4,146000,,2600
1864,microsoft,"redmond, wa",US,47.68,-122.12,program manager,Management,20,10,185000,185000,40000
1865,liaison technologies,"atlanta, ga",US,33.64,-84.39,software engineer,Software,3,1,90000,,
1867,etsy,new york city,US,38,-97,senior software engineer,Software,4.5,3.5,135,0,0
1873,small consulting firm,"houston, tx",US,29.76,-95.38,web developer,Web,3,1,56000,0,0
1876,undisclosed startup (75 people),"austin, tx",US,30.26,-97.74,senior full stack engineer,Engineering,20,0,130000,0,0
1877,ericsson,"san jose, ca",US,37.38,-121.89,system engineer - iv,Engineering,9,7,141000,0,14000
1879,ibm,germany,DE,51,9,it architect mobile solutions,Other,2,2,51000,0,2000
1884,varagesale,"toronto, on",CA,60,-95,senior software developer,Software,8,0.25,120000,0,0
1887,google,new york,US,38,-97,web developer,Web,3,7,103000,0,15000
1888,general dynamics mission systems,"pittsburgh, pa",US,40.35,-79.9,software engineer,Software,20,7,140000,0,0
1889,amazon,"seattle, washington",US,47.61,-122.33,software developer engineer ii,Software,15,2,130000,40000,0
1892,mid sized silicon valley startup,"sunnyvale, ca",US,37.38,-122.01,software engineer,Software,4,1,140000,10000,28000
1895,mathworks,"boston, ma",US,42.35,-71.06,software engineer,Software,3,3,90000,5000,10000
1896,cisco,cambridge ma,US,38,-97,software engineer ii,Software,0,1,85000,0,0
1900,a security company,"atlanta, ga",US,33.64,-84.39,devops engineer,Engineering,10,3,78000,0,0
1902,a video game company,poland,PL,52,20,front-end web developer,Web,2,2,17000,,
1905,a research institute,"frankfurt am main, germany",DE,51,9,postdoc,Other,8,4,50000,0,0
1906,iheartradio,"new york, ny",US,40.71,-73.99,software engineer,Software,1.5,1,100000,0,17000
1911,jamdeo canada,"oakville, on., canada",CA,60,-95,android application developer,Software,4,2,88000,0,8800
1913,dev shop using ms stack,"limerick, ireland",IE,53,-8,scrum master,Other,5,1.5,67500,0,300
1919,b2b saas co.,"salt lake city, ut",US,40.75,-111.9,software developer,Software,4,3,78000,0,0
1922,anon,"los angeles, ca",US,33.99,-118.39,associate applications engineer,Engineering,1,0,110000,,
1925,xyz,"redmond, wa",US,47.68,-122.12,ceo,Management,15,,240000,0,0
1926,jp morgan,new york,US,38,-97,application developer,Software,,,110000,10000,20000
1929,epic systems,"verona, wi",US,42.98,-89.53,software developer,Software,0,1,100000,,
1938,self-employeed,new york,US,38,-97,principal consultant,Other,15,8,290000,0,0
1939,mlb advanced media,new york,US,38,-97,front end developer,Web,3,0,105000,0,5
1941,startup in la serving fortune 500,"los angeles, ca",US,33.99,-118.39,ux designer / front-end developer,Web,5,1,90000,0,0
1943,akamai,"cambridge, ma",US,42.35,-71.06,software engineer,Software,2,2,115000,30000,11500
1946,amazon,"irvine, ca",US,33.74,-117.76,software engineer,Software,8,4,160000,10000,
1949,startup,new york,US,38,-97,software engineer,Software,3,2,110000,0,0
1950,apple,cupertino ca,US,38,-97,firmware engineer,Engineering,,,105000,25000,30000
1952,tripadvisor,"needham, massachusetts",US,42.28,-71.24,software engineer,Software,0,0,105000,10000,
1958,health benefits startup,"boston, ma",US,42.35,-71.06,software engineer,Software,,,85000,,
1962,miller instruments,burnaby bc,CA,60,-95,calibration technician,Other,,,36000,,
1972,ibm,"columbus, oh",US,39.98,-82.98,advisory software engineer,Software,32,11,111000,0,1200
1974,elastic,puerto rico,PR,18.25,-66.5,software engineer,Software,6,1,100000,5000,
1976,yahoo,"sunnyvale, california",US,37.38,-122.01,software systems development engineer,Software,4,2,126000,12000,8000
1983,ibm,"dallas, tx",US,32.79,-96.76,ruby on rails developer,Software,10,1,130000,0,5
1988,okta,"san francisco, ca",US,37.77,-122.41,*operational role*,Other,10,3,125000,0,0
1990,hudl,nebraska,US,38,-97,software engineer,Software,3,2,90000,0,4500
1991,dun & bradstreet,"austin, texas",US,30.26,-97.74,customer support technician,Other,5,5,47000,,
1993,mit bcs,"cambridge, ma",US,42.35,-71.06,graduate student,Other,14,5,30000,0,0
1999,higher learning technology,iowa,US,38,-97,software engineer,Software,15,2,130000,0,0
2001,google,"mountain view, ca",US,37.41,-122.05,swe,Software,2,2,160000,0,24000
2005,jaguar land rover,"portland, or",US,45.44,-122.52,software engineer,Software,8,2,95000,,13000
2020,facebook,"new york,  ny",US,40.71,-73.99,executive assistant,Management,10,5,40,,10000
2027,too small to say,australia,AU,-27,133,software engineer,Software,6,0,99190,,
2030,freelance,new york city,US,38,-97,designer/developer,Software,10,10,100000,0,50000
2035,accenture,philippines,PH,13,122,associate manager,Management,4,2,34500,,
2040,insight,phoenix az,US,38,-97,security engineer,Engineering,10,8,99480,0,1
2042,ui programmer,argentina,AR,-34,-64,php developer,Software,7,0.5,900,,
2043,enernoc,vancouver bc,CA,60,-95,software engineer,Software,1,1,61000,0,2000
2056,cerner,kansas city,US,38,-97,java contractor,Other,13,1,170000,0,0
2061,multinational in fmcg,"madrid, spain",ES,40,-4,security manager,Management,15,1,70000,7000,
2063,anonymous,new york city,US,38,-97,software engineer,Software,4,1,120000,5000,
2064,microsoft,"redmond, wa",US,47.68,-122.12,pm ii,Other,2,2,124000,0,10000
2066,choice hotels,"scottsdale, az",US,33.53,-111.89,software engineer 3,Software,10,3,110000,2000,0
2067,power utility,new zealand,NZ,-41,174,systems engineer,Engineering,6,6,100000,0,0
2069,saas company,"st petersburg, fl",US,27.75,-82.64,software developer,Software,3,1,44000,0,0
2072,intuit,"mountain view, ca",US,37.41,-122.05,software engineer,Software,1,1,102,10,12000
2077,chevron,"houston, tx",US,29.76,-95.38,geoscientific software developer,Software,11,4,140000,12000,15000
2078,fast enterprises,colorado,US,38,-97,implementation consultant,Other,2,0,80000,6000,5000
2082,small company,"atlanta, ga",US,33.64,-84.39,software engineer,Software,3,3,80000,3000,5000
2083,finra,"washington, dc",US,38,-97,data scientist,Data,5,0,130000,8000,10
2084,psg tecnologia ltda,"campo grande, mato grosso do sul, brazil",BR,-10,-55,analista de sistemas,Other,3,3,36276,0,3023
2086,fuze,cambridge ma,US,38,-97,support level 2,Other,3,1,43000,0,0
2087,google,"mountain view, ca",US,37.41,-122.05,senior software engineer,Software,11,11,190000,7000,30000
2091,safeguard properties,"cleveland, oh",US,41.47,-81.67,linux engineer,Engineering,10,1,87000,,
2096,tripadvisor,singapore,SG,1.37,103.8,senior data scientist,Data,3,1,85000,0,15
2101,fei systems,"columbia, md",US,38.74,-76.85,developer,Software,7,3,120000,0,3000
2108,mindera,"porto, portugal",PT,39.5,-8,software engineer,Software,4,1,23000,,7000
2110,businessolver,"des moines, ia",US,41.57,-93.61,sr. developer,Software,20,2,115000,0,5000
2116,national instruments,"austin, tx",US,30.26,-97.74,software engineer,Software,3,3,70000,0,0
2122,queensland government,"brisbane, australia",AU,-27,133,senior technical consultant,Other,9,5,84500,,
2123,indiegogo,"san francisco, ca",US,37.77,-122.41,software engineer,Software,2,2,120000,5000,
2125,pra health science,"lenexa, ks",US,38.88,-94.81,mgr of it 1,Other,5,1,115000,0,11500
2135,mozilla,"toronto, canada",CA,60,-95,staff software engineer,Software,10,5,125000,10000,55000
2139,blackrock,new york,US,38,-97,vice president,Management,7,7,125000,,36000
2142,uber,"san francisco, ca",US,37.77,-122.41,software engineer i,Software,6,2,130000,0,50000
2144,google,"pittsburgh, pa",US,40.35,-79.9,software engineer ii,Software,2,1,97000,10000,15000
2146,riot games,"los angeles, ca",US,33.99,-118.39,software engineer,Software,4,2,85000,0,0
2148,a salesforce consulting firm,new york city,US,38,-97,technical architect,Other,2.5,2.5,115000,0,11500
2157,charity,australia,AU,-27,133,development manager,Management,17,3,98000,0,0
2159,facebook,"menlo park, ca",US,37.45,-122.17,software engineer,Software,6,6,205000,5000,50000
2162,intercontinental exchange,"atlanta, ga",US,33.64,-84.39,senior software developer,Software,12,,120000,30000,24000
2165,bloomberg lp,"new york, new york",US,38,-97,senior software engineer,Software,10,2,170,0,30
2167,23andme,"salt lake city, ut",US,40.75,-111.9,senior bioinformatician,Other,5,1,125000,5000,12500
2177,local startup,"ann arbor, mi",US,42.27,-83.73,project manager,Management,3,1,90000,0,10000
2184,simple,new york,US,38,-97,security engineer,Engineering,5,1,130000,0,50
2188,startup-ish,"san jose, ca",US,37.38,-121.89,member of technical staff,Other,2,2,135000,15000,
2189,unicorn,new york,US,38,-97,staff engineer,Engineering,10,4,210000,0,0
2190,consulting startup ~20p,"san francisco, ca",US,37.77,-122.41,software engineer,Software,5,0.5,90000,3000,0
2191,honestbee,singapore,SG,1.37,103.8,senior software engineer,Software,5.5,1,66000,0,0
2194,apple,palo alto california,US,38,-97,ceo,Management,30,18,10280000,,
2195,google,boston ma,US,38,-97,software engineer iii,Software,7,4,130000,0,30000
2199,ibm,kansas,US,38,-97,software engineer,Software,3,3,84000,0,0
2203,id.me,"mclean, va",US,38.86,-77.05,software engineer,Software,2,1,70000,0,0
2204,statuspage.io,"denver, co",US,39.82,-105.1,developer,Software,5,1,205000,15000,
2205,conae,argentina,AR,-34,-64,saocom ground segment & operations manager,Management,11,3,32900,0,0
2206,bc hydro,"vancouver, bc",CA,60,-95,engineer-in-training,Engineering,3,1.5,45.96,0,0
2211,autodesk,"shanghai, china",CN,35,105,senior software engineer,Software,2,1,34000,0,3000
2213,filament,"madison, wi",US,43.1,-89.5,game engineer,Engineering,1,1,45000,0,0
2215,microsoft,"redmond, washington",US,47.68,-122.12,software developer i,Software,0,1,105000,0,20
2222,small fintech startup,"seattle, wa",US,47.61,-122.33,technical lead,Software,12,2,144000,0,0
2223,news & media,washington dc,US,38,-97,sr developer,Software,10,1,125000,2000,
2226,fundingcircle,"san francisco, ca",US,37.77,-122.41,software engineer,Software,1,0.5,105000,0,
2232,montreal startup (10 employees 5+ years),"montreal, qc, canada",CA,60,-95,vp architecture,Management,10,5,75000,0,0
2234,mitre,washington dc,US,38,-97,systems engineer 4,Engineering,8,2,123000,,
2242,epic systems,"madison, wi",US,43.1,-89.5,software developer,Software,0,2.3,114,10000,10000
2243,knewton,"new york, ny",US,40.71,-73.99,software engineering manager,Management,9,3,160000,0,0
2244,a small web application shop,new zealand,NZ,-41,174,full stack developer,Web,5,1,80000,0,0
2246,six flags entertainment,"grand prairie, tx",US,32.69,-97.01,web designer,Web,6,1,50000,,
2247,factset,"norwalk, ct",US,41.09,-73.42,software engineer,Software,0,1,90000,5000,0
2253,enbridge,"edmonton, alberta, canada",CA,60,-95,contract software developer,Software,16,1,69,0,0
2255,intraix,singapore,SG,1.37,103.8,software architect,Software,1,1,3700,0,0
2259,shopify,canada,CA,60,-95,software developer,Software,0,0,75000,0,0
2261,ibm,new york,US,38,-97,senior consultant,Other,3,3,92000,7000,500
2262,tv broadcast station,"chicago, il",US,41.85,-87.65,web developer,Web,6,1.5,81000,,
2268,ibm,ohio,US,38,-97,advisory engineer,Engineering,15,1,120000,5000,1200
2270,lancaster general hospital,"lancaster, pa",US,40.01,-76.16,it helpdesk,Other,2,1,31000,0,0
2271,digital blend,"seattle, wa",US,47.61,-122.33,senior developer,Software,10,5,50000,0,2000
2274,federal government,washington dc,US,38,-97,computer scientist,Software,6,5,83000,0,0
2277,guidewire software,"foster city, ca",US,37.55,-122.26,devops engineer,Engineering,10,0,160000,5000,10
2278,epri,"knoxviile, tn",US,38,-97,senior project manager,Management,12,10,115000,0,19000
2280,ecommerce,oregon,US,38,-97,software engineer,Software,12,3.5,150000,0,0
2281,new york times,"new york, ny",US,40.71,-73.99,web developer,Web,16,1,10600,5000,15900
2283,integra,"anacortes, wa",US,48.46,-122.6,support engineer,Engineering,6,3,45000,0,500
2285,johns hopkins  applied physics laboratory,"laurel, md, usa",US,39.09,-76.85,software developer,Software,1.6,1.5,74500,0,0
2296,seven west media,australia,AU,-27,133,data analyst,Data,1,1,62000,0,6000
2300,captricity,"oakland, ca",US,37.72,-122.2,full stack developer,Web,4,3,120000,0,0
2303,unitedhealth group,"minneapolis, minnesota",US,38,-97,junior java developer,Software,1,1,58000,0,0
2307,new relic,"portland, or",US,45.44,-122.52,senior software engineer,Software,10,2,120000,0,20000
2308,oracle,"sydney, australia",AU,-27,133,senior system administrator,Management,7,1,72485,0,0
2310,csra,"falls church, va, usa",US,38.86,-77.05,business analyst intern,Data,2,1,44000,0,0
2311,csra,"falls church, va, usa",US,38.86,-77.05,business analyst intern,Data,2,1,44000,0,0
2318,crosschx,"columbus, ohio",US,39.98,-82.98,software engineer,Software,4,1,75000,0,0
2331,faithlife,"bellingham, wa",US,48.73,-122.48,software engineer,Software,2,2,75000,0,0
2337,cisco,"los angeles, ca",US,33.99,-118.39,it engineer,Engineering,15,2,125000,0,15000
2342,oregon state,"corvallis, or",US,44.63,-123.27,linux systems administrator,Management,8,4,72000,5000,0
2345,qualcomm10,"boulder, colorado",US,40.02,-105.25,staff engineer,Engineering,10,5,120000,8000,5000
2346,microsoft,india,IN,20,77,software engineer,Software,1.5,0.8,22310,2230,4460
2347,cerner,"kansas city, mo",US,39.1,-94.62,system engineer,Engineering,2,2,61000,0,3
2348,apple,"cupertino, ca",US,37.3,-122.09,software engineer,Software,0,0,112000,34000,
2351,amazon development center,"hyderabad, india",IN,20,77,software development engineer,Software,1,1,1200000,500000,0
2353,microsoft,"redmond, wa",US,47.68,-122.12,program manager 2,Management,3,3,120000,10000,16000
2358,deloitte,washington dc,US,38,-97,federal analytics consultant,Other,0,0,70000,10000,5000
2361,self,southern california,US,38,-97,consultant,Other,20,7,80000,,
2362,vndirect,"hanoi, vietnam",VN,16.17,107.83,software engineer,Software,4,1,6400,,
2363,direxion,new york,US,38,-97,trader,Other,2,2,65000,0,25000
2365,accenture,"bloomington, il",US,40.47,-88.97,senior business analyst,Data,6,6,70000,,2000
2367,startup,new york,US,38,-97,"founder, cto",Management,5,1,40000,,
2375,credit processing industry,"detroit, mi",US,42.38,-83.1,systems engineer,Engineering,14,1,120000,,
2382,intel,"hillsboro, oregon",US,45.52,-122.85,software engineer,Software,4,4,103000,0,10000
2395,optum,minneapolis mn,US,38,-97,software developer,Software,12,,101000,0,8500
2397,oracle,"chicago, il",US,41.85,-87.65,senior sales consultant,Other,10,5,106000,0,50000
2398,kapow,"chicago, il",US,41.85,-87.65,software engineer,Software,4,1.5,100000,0,2500
2405,mid-sized startup,"silicon valley, ca",US,38,-97,software engineer,Software,0,0,109200,10000,0
2406,bae systems,"boston, massachusetts",US,42.35,-71.06,"burlington, ma",Other,10,1,90,,
2430,microsoft,"redmond, wa",US,47.68,-122.12,software engineer,Software,1,1,112500,15000,
2431,facebook,new york,US,38,-97,software engineer,Software,3,1,220000,100000,100000
2436,microsoft,"redmond, wa, usa",US,47.68,-122.12,software engineer ii,Software,,,122000,50000,15000
2437,microsoft,"redmond, wa",US,47.68,-122.12,software engineer,Software,1.5,1.5,110000,5000,15000
2442,google,new york,US,38,-97,software engineer,Software,15,0.5,132000,0,20000
2449,thoughtworks,"pune, india",IN,20,77,application developer,Software,9,1,30500,0,0
2461,-----,new york,US,38,-97,software developer,Software,6,2.5,90000,0,5000
2462,marketing agency,"austin, tx",US,30.26,-97.74,product manager / project manager,Management,12,1,115000,0,17250
2468,yumbles,cyprus,CY,35,33,customer service,Other,5,0,12000,0,0
2470,ge,70170,US,30.06,-89.93,software engineer,Software,2,2,64000,0,0
2472,fintech,"san francisco, ca",US,37.77,-122.41,devops,Operations,6,1,140000,10000,
2475,yumbles,cyprus,CY,35,33,marketing manager,Management,3,0,18000,0,0
2478,pariveda solutions,bellevue wa,US,38,-97,consultant 2,Other,1.5,1.5,77000,5000,0
2483,carnegie mellon,"pittsburgh, pa",US,40.35,-79.9,research programmer,Other,3,3,65000,0,0
2491,browserstack,"mumbai, india",IN,20,77,software developer,Software,1,1,1500000,,
2494,netflix,"los gatos, ca",US,37.22,-121.99,senior software engineer,Software,10,2,330000,,
2497,google,"mountain view, ca",US,37.41,-122.05,software engineer,Software,6,1,155000,50000,24000
2498,major bank,washington d.c.,US,38,-97,senior software engineer,Software,5,1,135000,10000,13000
2501,facebook,new york city,US,38,-97,software engineer,Software,2,2,140000,75000,25000
2512,davanti consulting,"auckland, new zealand",NZ,-41,174,senior consultant (salesforce.com developer),Software,4,1,50000,,5000
2516,shyp,"san francisco, ca",US,37.77,-122.41,engineer,Engineering,,,145000,5000,
2527,qualcomm,"bangalore, india",IN,20,77,associate engineer,Engineering,1.5,1.5,14000,2250,
2528,time warner cable,dallas texas usa,US,38,-97,network engineer 2,Engineering,4,2,66000,0,4100
2533,acuta,"russia, spb",RU,60,100,security testing engineer,Engineering,2,1,7950,,
2534,driveu,"bangalore, india",IN,20,77,platform engineer,Engineering,2,0,13530,0,
2536,weishen industrial pvt ltd,singapore,SG,1.37,103.8,operation execurive,Management,5,3.5,32000,0,0
2537,payments product startup,bangalore india,IN,20,77,software engineer,Software,3,0.5,,,
2538,bloomreach,"bangalore, india",IN,20,77,software engineer,Software,6,,40000,,5000
2555,manulife,singapore,SG,1.37,103.8,data scientist,Data,7,0,123000,2200,20000
2557,box,"redwood city, ca",US,37.46,-122.24,staff software engineer,Software,11,2,210000,100000,0
2565,thoughtworks,"pune, india",IN,20,77,application developer,Software,3.5,3.5,10000,0,0
2568,economic consulting,california,US,38,-97,economist,Other,1,1,200000,50000,25000
2585,sncf,france,FR,46,2,embedded systems developer,Software,6,1,25000,,
2588,cal fire,"sacramento, ca",US,38.58,-121.49,systems software specliast i,Software,11,0,82000,0,0
2590,gameforge,germany,DE,51,9,lead developer,Software,15,,72000,0,0
2604,lawrence livermore national laboratory,"livermore, california",US,37.68,-121.75,computer scientist,Software,3.75,3.75,128500,5000,0
2609,amazon,"seattle, wa",US,47.61,-122.33,sdet,Software,1.5,1.5,92000,,
2613,hired,"san francisco, ca",US,37.77,-122.41,product engineer,Engineering,3,0,135000,0,0
2614,kalibrr,"manila, philippines",PH,13,122,product designer,Other,4,1,10000,0,1000
2616,ge digital,"san ramon, ca",US,37.76,-121.93,software business operations analyst,Data,3,1,95000,10000,
2619,boeing,"seattle, wa",US,47.61,-122.33,devops - it rotation program,Other,2,2,72000,5000,4000
2620,government,"athens, greece",GR,39,22,forensic examiner,Other,6,4,22176,0,0
2623,techlogix,"karachi, pakistan",PK,30,70,software engineer,Software,1,1,600000,,
2631,sioux embedded systems,"eindhoven, the netherlands",NL,52.5,5.75,senior software engineer,Software,3,3,41000,0,0
2636,juniper networks,"sunnyvale, ca",US,37.38,-122.01,software engineer,Software,6,5,120000,10000,17000
2637,ibm research africa,kenya,KE,1,38,software application developer,Software,2,1.5,14000,0,0
2642,fpt software,"hanoi, vietnam",VN,16.17,107.83,software developer,Software,1,1,3400,,
2644,grab,singapore,SG,1.37,103.8,product manager,Management,3,1,90000,2000,15000
2661,amazon,"seattle, wa",US,47.61,-122.33,software development engineer (sde i),Software,1,1,100000,25000,
2666,self employed,netherlands,NL,52.5,5.75,programmer,Other,8,3,60000,0,0
2671,workday,"pleasanton, ca",US,37.65,-121.85,associate application developer,Software,0,0,90000,10000,
2672,private bank,"geneva, switzerland",CH,47,8,it auditor,Other,9,8,130000,0,10000
2673,small b2b,"berlin, germany",DE,51,9,software developer,Software,4,,73000,11000,
2676,series a funded startup,"san francisco, ca",US,37.77,-122.41,vp of product,Management,10,1,145000,,
2679,a mbanking company,"dhaka, bangladesh",BD,24,90,sr. software engineer,Software,5,0.3,24000,,2000
2686,capgemini,spain,ES,40,-4,senior consultant,Other,8,2,24000,0,0
2692,99designs,"melbourne, australia",AU,-27,133,developer,Software,5,3,75000,1000,500
2697,large tech coy,singapore,SG,1.37,103.8,senior software engineer,Software,6,1,103000,0,0
2701,small b2b software consultancy,"chisinau, moldova",MD,47,29,senior software engineer,Software,8,5,25000,0,0
2708,:),hong kong,HK,22.27,114.19,junior software engineer,Software,1,1,0,0,0
2716,fast fashion retailer,"stockholm, sweden",SE,62,15,application expert,Other,1.5,1.5,46500,0,0
2717,ml,vietnam,VN,16.17,107.83,software developer,Software,4,4,20000,0,0
2720,intuit,"mountain view, ca",US,37.41,-122.05,software engineer i,Software,1,1,100000,5000,10000
2724,small tech company,michigan,US,38,-97,devops,Operations,1,1,55000,0,
2728,technical  of brunswick,"germany, brunswick",DE,51,9,apprentice as software developer,Software,6,1,10000,,
2735,intel,"portland, or",US,45.44,-122.52,validation engineer,Engineering,4,3,80000,5000,7000
2742,kt,"chicago, il",US,41.85,-87.65,software developer,Software,5,2,80000,0,0
2745,freelance,morocco,MA,32,-5,software enginere,Software,6,1,60000,0,0
2747,navaru,"constanta, romania",OM,21,57,frontend developer,Web,8,5,2400,,
2751,non-start-up (~100 employees),the netherlands,NL,52.5,5.75,r&d sw engineer,Engineering,18,,60000,,4500
2764,cluster reply srl,italy,IT,42.83,12.83,senior consultant,Other,5,4,34000,0,4000
2766,small italian consultancy firm (50+),"turin, italy",IT,42.83,12.83,senior software developer,Software,8,2,26000,,2000
2767,facebook,"menlo park, ca",US,37.45,-122.17,software engineering intern,Software,0,0.25,8400,0,0
2772,cisco,israel,IL,31.47,35.13,system engineer,Engineering,4,4,85000,0,10000
2773,industrial company,"casablanca, morocco",MA,32,-5,finance manager,Management,3,0,13200,0,
2777,stock broker,"barcelona, spain",ES,40,-4,junior web developer,Web,1.5,1.5,20000,0,3000
2780,it minds,"copenhagen, denmark",DK,56,10,it consultent,Other,2,2,60000,0,0
2784,sberbank,"moscow, russia",RU,60,100,oracle database developer,Data,15,1,24000,0,0
2786,visa,singapore,SG,1.37,103.8,software engineer,Software,2,0,50000,2500,10
2792,health ensurance company,germany,DE,51,9,system engineer,Engineering,10,10,67200,,
2793,fortech s.r.l,"cluj-napoca, romania",OM,21,57,senior software engineer,Software,3,1,25200,0,0
2794,30 person startup,"munich, germany",DE,51,9,software engineer,Software,6,1,46000,,
2798,us based company,"athens, greece (remote)",GR,39,22,software engineer,Software,8,1.5,97000,,2000
2799,transplace,"greenville, sc",US,34.83,-82.37,senior software architect,Software,5,4,75000,,
2801,small agency,ireland,IE,53,-8,senior developer,Software,15,1,50000,0,3000
2803,tut,south africa,ZA,-29,24,junior lecturer,Other,15,8,260000,,
2804,n-a,switzerland,CH,47,8,security,Other,6,1,115000,0,0
2807,microsoft,"seattle, wa",US,47.61,-122.33,software developer engineer 2,Software,7,7,130000,30000,12000
2818,reply spa,"milan, italy",IT,42.83,12.83,consultant,Other,4,1,31000,0,2000
2822,tt-netvÌ_rket,denmark,DK,56,10,student worker,Other,3,3,13500,,
2832,freelance,"cluj-napoca, romania",OM,21,57,software developer,Software,8,1,42000,,
2839,early stage startup,"stockholm, sweden",SE,62,15,head of tech (first engineer),Engineering,10,0.5,73000,0,0
2845,axis communications,"lund, sweden",SE,62,15,experienced software engineer,Software,9,6,510000,,
2847,oracle,"cape town, south africa",ZA,-29,24,software developer,Software,0,1,32000,,
2851,30 person startup,"new haven, ct, usa",US,41.31,-72.92,mobile engineer,Engineering,10,3,90000,0,0
2862,northwestern mutual,"milwaukee, wi",US,43.06,-87.96,lead project manager,Management,13,11,102000,,21000
2868,inria,france,FR,46,2,research engineer,Engineering,10,1,32000,0,0
2876,school,bermuda,BM,32.33,-64.75,physics teacher,Applied Science,8,0.5,98000,0,0
2878,supplyhog,"chattanooga, tn",US,35.06,-85.25,sr. developer,Software,6,4,82000,,
2881,spam spa,italy,IT,42.83,12.83,software developer,Software,10,5,35000,0,0
2885,station ag,switzerland zurich,CH,47,8,web developer,Web,1,1,60000,,5000
2886,technicolor,france,FR,46,2,technical advisor,Other,8,1,90000,0,10
2890,office depot,"boca raton, fl",US,26.37,-80.1,lead systems engineer,Engineering,25,9,100000,0,15000
2893,curtiss-wright,"hatfield, pa",US,40.27,-75.29,lead software development engineer,Software,2,3,73000,0,1000
2900,bestbuy,richfield mn,US,38,-97,senior web engineer,Web,3,1,110000,,27000
2901,abc,india,IN,20,77,software developer,Software,10,4,400000,,
2906,parisian startup,"paris, france",FR,46,2,lead developer,Software,4,2,51000,2500,
2908,western union,montvale nj,US,38,-97,senior application architect,Other,18,2,130000,,20000
2909,interactive intelligence,indianapolis in,IN,20,77,development manager,Management,8,4,83500,0,15000
2912,multinational mobile sector,"madrid, spain",ES,40,-4,software engineer,Software,7,5,30000,,1500
2913,local webdev company,germany,DE,51,9,fullstack webdeveloper,Web,20,2,37600,,500
2921,150 person it consulting company,"munich, germany",DE,51,9,senior consultant,Other,9,5,70000,0,3000
2923,mirantis,"moscow, russia",RU,60,100,"openstack software engineer, t2",Software,6,1,34800,0,0
2924,healthcare system,"grand rapids, mi",US,42.96,-85.65,application development analyst,Data,5,1,77000,0,500
2933,a media company,new york,US,38,-97,runs numerous departments,Other,,,210000,,50
2934,independent school system,kentucky,US,38,-97,it technician,Other,5,2,22000,0,0
2935,of grenoble,"grenoble, france",FR,46,2,postdoc,Other,4,1,33700,,
2936,celtra,slovenia,SI,46.12,14.82,developer,Software,9,1,32000,0,9600
2954,highmark,"pittsburgh, pa",US,40.35,-79.9,information security,Other,8,2,90000,5000,0
2957,attain,"jblm, wa",US,47.05,-122.55,consultant,Other,6,3,65000,3000,0
2962,grab,singapore,SG,1.37,103.8,sde 1,Software,1,1,70000,0,10000
2969,salsify,"boston, ma",US,42.35,-71.06,senior software engineer,Software,5,1,130000,0,0
2973,cirrus logic,"austin, tx",US,30.26,-97.74,senior verification engineer,Engineering,15,1,140000,10000,15000
2974,amazon,"cambridge, ma",US,42.35,-71.06,sde ii,Software,3.5,3.5,119000,,
2979,cybercom group,sweden,SE,62,15,software developer,Software,5,1,48000,0,0
2980,software factory,argentina,AR,-34,-64,ios software developer,Software,,3,23200,0,0
2992,ullink,"cluj-napoca, romania",OM,21,57,software developer,Software,5,0.5,27000,3000,
2995,startup (20 people),"austin, tx",US,30.26,-97.74,developer,Software,5,3,92000,2000,0
2996,manitoba public insurance,"winnipeg, mb canada",CA,60,-95,analyst,Data,6,6,71174.93,0,0
3001,ibm,"durham, nc",US,35.98,-78.91,software engineer,Software,2,2,75000,3000,
3006,startup,new york city,US,38,-97,software engineer,Software,4,1,145000,0,0
3010,ernst & young,"dallas, tx",US,32.79,-96.76,senior - risk assurance,Other,2.5,2.5,75000,3000,
3016,startup,"phoenix, az",US,33.45,-112.06,developer,Software,1,1,62000,0,5000
3017,shutterstock,new york city,US,38,-97,principal software engineer,Software,10,2,160000,5000,10
3019,divid,"jÌ¦nkÌ¦ping, sweden",SE,62,15,software developer,Software,10,3,48000,0,1500
3023,ibm,"durham, nc",US,35.98,-78.91,network specialist,Other,25,1,117000,10000,0
3025,mount anthony union hs,vermont,US,38,-97,technology teacher,Other,20,7,65000,0,0
3029,medium financial firm,"columbus, oh",US,39.98,-82.98,systems administrator,Management,5,3,61000,,2000
3032,oklahoma,oklahoma city,US,38,-97,programmer analyst,Data,10,4,60000,0,0
3036,cerner,"kansas city, mo",US,39.1,-94.62,software architect,Software,8,8,99000,0,0
3040,allflex usa,"irving, tx",US,32.85,-96.96,sr. net developer,Software,8,0,90000,10000,0
3055,american express,"st petersburg, fl",US,27.75,-82.64,developer,Software,0,0.5,78500,5000,
3059,code 42,"minneapolis, mn",US,44.96,-93.26,associate software engineer,Software,4.5,2.5,75600,,4000
3060,orbital atk,"wallops island, virginia",US,37.84,-75.47,associate electrical engineer,Engineering,2,1,65850,0,0
3064,code 42,"minneapolis, mn",US,44.96,-93.26,senior software engineer,Software,9,4,96000,0,5000
3071,amazon,"seattle, wa",US,47.61,-122.33,sysde,Software,10,1.5,120000,50000,0
3073,radialpoint,"montreal, quebec, canada",CA,60,-95,senior software developer,Software,,6,86400,,7000
3076,central  of las villas,"santa clara, cuba",CU,21.5,-80,senior fullstack developer,Web,18,15,240,0,0
3078,local college,"philadelphia, pa",US,39.95,-75.16,web developer,Web,7,0,62000,0,0
3081,docnetwork,"ann arbor, michigan",US,42.27,-83.73,developer,Software,5,0,42000,0,0
3082,simplify digital,"aveiro, portugal",PT,39.5,-8,software developer,Software,4,2,25000,0,0
3086,hewlett packard enterprise,serbia,RS,44,21,it engineer,Engineering,17,3,31200,,
3087,mid-size startup (series b),"new york, ny",US,40.71,-73.99,tech lead,Software,6,2,170000,0,0
3089,the boss,netherlands,NL,52.5,5.75,developer,Software,10,2,36000,0,
3094,laika,"portland, or",US,45.44,-122.52,systems administrator,Management,,0,77000,0,2000
3095,anonymous startup,"cambridge, ma",US,42.35,-71.06,software architect,Software,20,3,128000,0,0
3096,missouri s&t,"rolla, mo",US,37.94,-91.76,systems administrator,Management,15,10,56000,0,0
3097,customers bank,shillington pa,US,38,-97,software admin,Management,9,0.25,76000,0,1000
3098,freelance,british columbia,CA,60,-95,contractor,Other,10,2,160000,,
3100,epic,"madison, wi",US,43.1,-89.5,integration engineer,Engineering,7,5,73000,0,5000
3101,china airlines,taiwan,TW,23.5,121,assistant programmer,Other,1,1,13000,0,1500
3102,maine oit,"augusta, me",US,44.33,-69.72,computer programmer,Other,9,1,40000,0,2000
3104,twilio,"san francisco, ca",US,37.77,-122.41,senior software engineer,Software,10,3,135000,5000,
3108,us army,"radford, va",US,37.12,-80.55,it specialist,Other,6,6,72000,0,2000
3120,zillow,"seattle, wa",US,47.61,-122.33,senior software development engineer,Software,4,1,140000,30000,0
3123,altice labs,"aveiro, portugal",PT,39.5,-8,software engineer,Software,5,,23000,0,0
3126,coupang,"palo alto, ca",US,37.44,-122.15,software engineer,Software,,,125000,,
3128,scopely,"culver city, ca",US,33.99,-118.39,people business partner,Other,3,3,140000,0,20000
3135,facebook,"menlo park, ca",US,37.45,-122.17,software engineer,Software,0,0,105000,85000,10000
3138,insurance company,"philadelphia, pa",US,39.95,-75.16,senior software developer,Software,16,9,97000,,
3155,emarketer,new york,US,38,-97,vp business development,Management,10,5,65000,0,2500
3160,trading technologies,"chicago, il",US,41.85,-87.65,principal software engineer,Software,13,9,159000,0,0
3164,ion trading,"pisa, italy",IT,42.83,12.83,software developer,Software,0,2,33600,,1120
3168,groupon,"baltimore, md",US,39.3,-76.61,senior software engineer,Software,10,1,110000,0,0
3182,hitfox group,"berlin, germany",DE,51,9,developer,Software,2,1.5,50400,0,0
3186,lufthansa,"frankfurt, germany",DE,51,9,it security specialist,Other,10,15,65000,,5000
3189,underarmour connected fitness,"austin, tx",US,30.26,-97.74,senior software engineer,Software,15,2,130000,0,15000
3192,deloitte,netherlands,NL,52.5,5.75,junior manager,Management,6,0,51192,1500,
3194,microsoft,"bellevue, wa, usa",US,47.61,-122.21,sde ii,Software,8,1.2,125000,15000,
3197,intel,ireland,IE,53,-8,software architect,Software,10,3,80000,,20000
3198,cisco,ireland,IE,53,-8,software engineer,Software,4,1,50000,0,4000
3200,counsyl,"south san francisco, ca",US,37.65,-122.42,software engineer,Software,4,2,110000,10000,0
3201,intel,ireland,IE,53,-8,sysadmin,Management,20,4,80000,,
3202,ibm,"raleigh, nc",US,35.82,-78.65,senior engineer (band 9),Engineering,15,10,146000,0,5000
3204,unionized tech nonprofit,"boston, ma",US,42.35,-71.06,program manager,Management,10,1,59800,0,0
3206,the charlton group,"boston, ma",US,42.35,-71.06,sysadmin,Management,14,9,85000,0,3
3209,fortune-500,"ottawa, canada",CA,60,-95,tech lead,Software,25,5,126000,10000,3000
3223,startup,"sydney, australia",AU,-27,133,principal software engineer,Software,8,2,130000,0,0
3225,startup,"san francisco, ca",US,37.77,-122.41,software engineer,Software,2,2,130000,,
3226,engineering comp,"bangalore,india",IN,20,77,development e,Software,5,3,32000,0,0
3227,amazon,"seattle, wa",US,47.61,-122.33,software development engineer,Software,3,0,110000,22000,0
3228,microsoft,"redmond, wa",US,47.68,-122.12,intern,Other,2,1,90000,5000,0
3242,d2l,"kitchener, on",CA,60,-95,software developer,Software,2,2,70000,0,3
3243,tendril,"boulder, co",US,40.02,-105.25,software engineer,Software,3,1.5,110000,2500,11000
3244,usc,los angeles ca,US,38,-97,research specialist,Other,11,1,55000,0,0
3252,up next,"poland, warsaw",PL,52,20,programmer,Other,6,1,12000,,
3255,accenture,"pune, india",IN,20,77,software engineer,Software,3,1,575000,50000,80000
3265,small mobile product shop,"atlanta, ga",US,33.64,-84.39,senior developer,Software,12,5,132000,,10000
3270,startup,"cambridge, ma",US,42.35,-71.06,front end developer,Web,3,1,70000,,
3276,homenet automotive,"exton, pa",US,40.03,-75.63,software engineer i,Software,2,1,60000,0,10
3278,comcast,"philadelphia, pa",US,39.95,-75.16,software engineer,Software,6,2.5,111000,5000,8
3287,mainz brady group - contractor at nike,"beaverton, or",US,45.49,-122.8,front-end developer,Web,2,1,50,,
3289,sparkfun electronics,"boulder, co",US,40.02,-105.25,junior software developer,Software,1,0.5,60500,0,800
3294,of maryland,"college park, md",US,38.99,-76.93,scientific programmer (faculty research assistant),Applied Science,5,1,75000,,
